Age,Gender,Income,CampaignChannel,CampaignType,AdSpend,ClickThroughRate,ConversionRate,WebsiteVisits,PagesPerVisit,TimeOnSite,SocialShares,EmailOpens,EmailClicks,PreviousPurchases,LoyaltyPoints,Conversion,EmailEngagement,SiteEngagement,IncomePerClick,AdSpendPerClick,ClickToConversionRate,TotalInteractions
53,Male,24158,Referral,Consideration,9870.029447353656,0.1491403784700654,0.130133854461704,13,3.2162043315281794,10.802149775153142,38,14,4,4,3181,0,18,451.6449716566279,21022.670904805655,8589.054594438974,0.11324452338448042,73
39,Male,104619,Social Media,Consideration,3184.6050458542136,0.0728173808725061,0.0383768648280759,1,1.7620618039835718,5.136632058324678,23,8,6,6,4832,0,14,9.05106315109143,97517.99501506487,2968.450271810681,0.03577203866408706,44
62,Female,88225,PPC,Consideration,4646.995289988512,0.2024669591133931,0.0919691779795326,6,9.564079876896551,10.44984232925293,19,0,1,1,465,0,1,599.6587604276984,73369.99934289283,3864.551333214885,0.07648374642022897,27
21,Female,20125,Referral,Consideration,3422.7270254937443,0.0774976081362148,0.1881989235701902,22,8.76424257601219,1.2089784532220784,3,4,2,1,512,0,6,233.10716953062663,18677.535660437254,3176.551854638596,0.17466296180065255,32
30,Female,32328,PPC,Awareness,734.1104128799401,0.1410288194314021,0.0392503773835202,34,5.058231143894391,1.6431527881960808,85,0,3,0,2239,0,3,282.5891846526309,28332.325572731545,643.3758730526738,0.03439911132400622,122
32,Female,146800,Email,Retention,6937.241678239581,0.1197361627453691,0.0541200729461207,32,1.330601989595308,1.1215153261123607,6,9,8,8,652,1,17,47.75329677717561,131102.31220904377,6195.425234129129,0.04833287942887288,63
61,Male,118753,Referral,Conversion,1902.6012391775232,0.1827302865709236,0.0522804665899031,36,7.565123443959895,6.107411810338858,86,6,6,6,2847,1,12,1663.3196736592336,100405.81639648309,1608.6518293986646,0.04420320269423324,140
60,Female,132882,Email,Retention,6571.621301324995,0.0249497839078127,0.0321852761381623,11,1.8907509736068453,3.499989733323781,76,7,8,5,783,0,15,72.79369895485492,129647.32720208254,6411.651970176978,0.03140180781876934,107
46,Female,67136,SEO,Retention,1596.258248550099,0.2286107227614514,0.1776025783616735,1,6.454014658638412,6.996021977103492,69,0,2,3,9,0,2,45.152428392382426,54643.833686477774,1299.2384153723772,0.14455561478617915,75
24,Female,120539,Referral,Consideration,4262.315356676178,0.142284333308117,0.1355878520775143,25,3.9929496812029694,12.441090582168345,40,15,2,7,1553,1,17,1241.916216847159,105524.51476850126,3731.3961440163357,0.11869886342995231,89
34,Male,37423,Social Media,Consideration,4553.785435879599,0.2316182809670116,0.1333281762046688,45,1.019319332146773,7.904452134315986,52,3,5,9,1481,1,8,362.57223917416974,30385.22615190247,3697.4000031114924,0.10825446346897798,114
39,Male,142761,Social Media,Consideration,369.5702304400012,0.0703741920107595,0.1936047619283303,8,6.2198777681770325,7.127784148849471,73,17,1,7,313,0,18,354.6715693103478,133374.8525193935,345.27199291468554,0.18087577538153513,106
56,Female,88408,Email,Consideration,3437.933627283229,0.0401357662289105,0.0143075530575474,4,4.673017170889285,13.137956170079148,32,13,1,4,3834,0,14,245.57557909268274,84996.59647367935,3305.273925679637,0.013755466855466855,54
55,Female,30006,SEO,Conversion,1758.0825511647831,0.1109887099801473,0.1999947079999166,43,9.49213334184555,12.58066480793181,38,8,4,6,2907,1,12,5134.945959095957,27008.375270110704,1582.448620199029,0.18001506784303,99
18,Female,136118,PPC,Awareness,8946.63820495191,0.1011191824646181,0.1664197314414131,20,5.759384555197718,4.953619860963224,25,19,9,5,778,1,28,570.5960343910452,123617.86277787767,8125.040728948876,0.15113689243785433,78
58,Male,107151,Social Media,Consideration,9081.13468516834,0.1688140868103381,0.0721197290546373,13,3.423252289449538,2.237643732814141,3,9,6,3,3124,1,15,99.58024740726944,91674.97312802944,7769.52877933779,0.061703336628539524,34
32,Female,60733,Email,Consideration,5615.84855424034,0.0347092849585165,0.1739845591959574,20,7.586399674602362,9.433072294907747,24,1,5,5,3317,1,6,1431.2611317717738,58695.71374575508,5427.465120761422,0.1681482535482735,55
29,Female,99139,PPC,Retention,4047.61816158548,0.190965226135092,0.165827942470544,31,1.6811769162268644,1.3948302620312905,44,14,2,5,726,0,16,72.69364959603189,83242.5647906823,3398.6031437045126,0.13923827399116187,96
22,Male,80240,Referral,Conversion,9992.481744221956,0.1213508992073535,0.1302874376966579,18,2.846473017960334,12.000780793448373,4,15,1,5,4870,1,16,614.8781770141333,71556.54849585357,8911.110475128986,0.11618792813984798,43
21,Male,116889,PPC,Consideration,338.3689164322988,0.1441978136726357,0.0773005786562148,30,9.181069612998302,10.965510222636553,38,6,9,6,4994,1,15,3020.253380882121,102158.03474122255,295.7258896922774,0.0675587540305606,89
47,Female,106998,Referral,Awareness,1576.82967309713,0.1860850661793505,0.01321850536525,38,9.298411974197297,10.148431044129874,87,4,6,8,85,1,10,3585.843124122006,90211.06752879443,1329.4406261908823,0.011144652050826176,143
54,Male,110947,Referral,Conversion,3255.3792813893224,0.1676712795652443,0.1299847254985764,14,8.45573097110501,4.0378343539922,87,8,7,0,178,1,15,477.99977404541096,95015.61093573234,2787.92442561522,0.11131962203178727,116
67,Male,142558,Social Media,Retention,2814.7041298697063,0.2556017912584674,0.015586964664286,48,8.355155312909043,14.076048919082258,12,15,7,4,3511,1,22,5645.16359572981,113537.5889015869,2241.717198450775,0.012413939493239701,86
33,Female,55740,Social Media,Consideration,6509.486699690465,0.1125573330436868,0.1404650094897542,28,9.236244942616114,8.662863533315779,25,17,6,2,1282,1,23,2240.34522594852,50100.788826324024,5850.922470558968,0.1262541761380297,78
58,Female,100635,Email,Awareness,6897.908121738252,0.2019239419139761,0.0549562840584606,15,6.511138260564385,1.491191850652848,95,3,6,4,2356,0,9,145.64034468941358,83728.25974308001,5739.055427046272,0.045723595430628275,123
50,Female,53103,PPC,Retention,8062.869371550779,0.0275937607096733,0.0876911891213014,27,1.902484415918185,8.50512476650046,29,6,0,1,3285,1,6,436.88341774008677,51677.03622813571,7846.358823726633,0.08533643592847472,63
63,Male,22599,Referral,Consideration,7721.847718973594,0.2404687284467658,0.1177303854332432,20,5.231023980056976,3.925110433865984,79,0,1,6,1148,1,1,410.6469360784961,18218.113429023717,6224.943476521483,0.09490798335614434,106
24,Female,28316,Social Media,Conversion,2297.8446949795543,0.1450819937644117,0.1715517586476492,20,5.150426203933918,9.164246166612804,58,19,7,0,4909,0,26,943.9954719164709,24728.36019970262,2006.7075611113935,0.14981613507315716,104
53,Male,33767,Email,Consideration,8741.980253279638,0.0410652151664119,0.1126606366766123,3,2.590823049366114,6.17147060722441,55,0,8,1,4489,0,8,47.96756489304747,32435.047783824397,8397.149502187769,0.1082166948192614,67
35,Female,80197,SEO,Consideration,2042.2957880466283,0.0269385340462645,0.1232325205572345,39,1.7100219717571588,3.472886426682001,38,3,3,5,4556,0,6,231.60977170669372,78093.28147811722,1988.7225187662705,0.11999989918742573,88
53,Female,77103,PPC,Consideration,7135.606335219977,0.1241902466742815,0.0318784451215232,20,3.5541311007879326,5.322223940658579,44,4,6,8,133,1,10,378.3176326570553,68585.36642538541,6347.329872616677,0.028356806346461337,82
19,Female,28418,PPC,Awareness,4880.591615902979,0.013548156635315,0.0630609831190128,7,3.353668281922936,5.784508206627369,62,3,3,1,3676,0,6,135.79525189362394,28038.13495585596,4815.352466433488,0.06221804332253626,76
27,Male,50929,Email,Consideration,4724.250043425588,0.0157636719965542,0.0110401017969045,14,3.04459054542073,9.41150235547488,38,15,8,0,500,0,23,401.1583952555725,50138.631065526795,4650.93424156403,0.010868770070507064,75
46,Male,70559,SEO,Conversion,6838.08374269486,0.1818138804658647,0.098209516550663,5,7.261392175690764,5.460128122728367,0,7,7,5,2462,0,14,198.24065814324433,59703.98652974529,5786.091918297087,0.0831006626119075,24
45,Female,109779,Social Media,Awareness,8383.984491524046,0.2826393878159118,0.1749257253313789,6,2.384030881810251,12.561754154488307,97,14,2,3,467,1,16,179.68565900405008,85588.35869443594,6536.5094594517,0.13637950541129393,122
66,Female,118215,SEO,Retention,4713.151096956271,0.1719390717599563,0.1858793913347663,0,6.165066875725789,8.738597106196154,52,19,8,7,4193,0,27,0.0,100871.28490602413,4021.6690530492424,0.1586084087593585,86
68,Male,65302,Email,Awareness,2982.6628410142603,0.0186294158611373,0.1490626360922505,3,8.51350274932938,1.8918564867372267,14,4,4,7,1152,0,8,48.318976203522006,64107.71079568172,2928.113791503608,0.14633647307959854,32
37,Male,83265,SEO,Conversion,6861.208958048359,0.1757649556184589,0.1168937392891827,3,3.51856977922667,7.116901300788621,55,10,2,9,1239,1,12,75.12394151608146,70817.72560247991,5835.527692215767,0.099419308876829,79
50,Female,88024,Email,Consideration,3480.564211304784,0.2385643637982301,0.0670094200945113,19,1.271047467751716,2.650018872572238,16,3,1,9,2270,0,4,63.99769577206681,71069.37884928496,2810.160144307034,0.05410249321966409,48
62,Female,106348,Referral,Awareness,2107.596232722818,0.2401752714795179,0.0425794797283402,44,1.5892939590003752,7.482493194265037,71,4,6,9,3793,1,10,523.2427742039011,85752.39520227475,1699.434169662547,0.0343334371419479,134
66,Female,100166,Social Media,Awareness,1091.8355028914543,0.26805176492173,0.0774689549826275,30,3.019798952462478,9.35002737808878,89,10,6,0,1160,0,16,847.0560864554396,78992.04336203318,861.033857682338,0.06109289630412623,135
59,Female,37421,Referral,Consideration,4942.115559371206,0.0266192018332531,0.168314645385928,46,4.683674395240593,7.0268240337053856,48,10,5,2,513,0,15,1513.9223671002483,36450.71116259721,4813.971480901562,0.16395041616732414,111
32,Female,111212,Email,Conversion,6155.259104976126,0.1544665819236483,0.0690373956569754,36,9.1750305368699,8.698850159952068,83,13,3,5,3450,0,16,2873.2397707157697,96331.93523427178,5331.691017612504,0.05980025471325531,140
62,Female,90053,Social Media,Awareness,6086.27612607104,0.259845158465718,0.1406965809747541,8,2.447482091759105,11.81846955988938,20,5,3,2,548,1,8,231.40394079863495,71479.41903405779,4830.971556443582,0.11167767723622413,38
60,Female,117661,Referral,Consideration,7055.611859864649,0.0567332663436253,0.1035773684455032,1,2.593610469568413,5.07880793037409,19,6,0,7,4958,1,6,13.172449421145323,111344.08629636095,6676.814371783321,0.0980165683662903,33
38,Female,136536,Social Media,Awareness,4382.487766749443,0.178018938789298,0.0399228413217546,42,2.701467361258058,2.5858858816988426,69,6,3,8,97,0,9,293.39882499259244,115903.06021762609,3720.218429810236,0.03388981280961838,128
68,Female,37864,Social Media,Awareness,4946.314198198138,0.10996979258851,0.0359789026770202,48,8.57525192382931,3.2255229489121517,2,11,6,5,86,0,17,1327.6642499046968,34112.64004914863,4456.260189444493,0.03241430795437725,72
59,Female,133591,Email,Consideration,6270.229696437084,0.2229641230412516,0.166002813374149,35,7.3094837734344225,1.8724278759444837,55,3,0,0,1238,1,3,479.026841164987,109235.42030635176,5127.075748423721,0.1357380893245955,93
37,Female,80309,SEO,Awareness,3993.836430075181,0.0915993476066662,0.1370436287126796,35,7.34231898646563,4.100886896065308,37,10,2,6,2471,1,12,1053.8506901414946,73570.0329759977,3658.7017378048786,0.1255438902681172,90
18,Male,126745,SEO,Awareness,9859.820167373911,0.1685398476137409,0.0262228204056183,23,5.297653459224827,13.518045751735643,44,13,2,1,1417,1,15,1647.1202022887617,108464.42272278879,8437.726952579764,0.02244067282700505,83
59,Female,33829,Email,Consideration,3663.864812828909,0.233643630725244,0.0126837175373284,44,8.63456269005339,4.884768849829667,31,4,2,6,1065,0,6,1855.825085852067,27422.01974496666,2969.95398150353,0.010281508550302972,87
26,Female,67907,Referral,Retention,9524.530271605225,0.2212937191644079,0.0687108071831522,9,2.8922065958843617,3.3472187691945106,88,0,1,1,1237,0,1,87.12763381919068,55602.51308461736,7798.722061816362,0.05626067350134509,99
68,Female,126769,SEO,Retention,6255.326949613714,0.0137968237526656,0.085711466535606,38,2.1102016961810857,3.587100127890498,89,3,5,5,945,0,8,287.6411814213449,125043.79282897382,6170.197817802412,0.08454501387993783,140
20,Male,106994,PPC,Conversion,9812.442900262067,0.199384135110465,0.0555837176121766,42,2.5400013498366154,11.91630072153352,28,16,8,3,1973,1,24,1271.2316365456754,89207.44978017047,8181.234529468182,0.0463435491474608,97
65,Female,124715,Email,Retention,7845.249597862189,0.1119642275538148,0.1293515405774125,29,5.625183256992704,14.652925735133298,9,18,1,7,4818,1,19,2390.3363828256506,112157.38502160068,7055.307539093032,0.11632707003710906,64
52,Female,131239,SEO,Awareness,5838.082449515963,0.0290246806031643,0.1871254625067162,0,4.133253260084947,11.93920557336509,29,6,6,1,1175,1,12,0.0,127537.27143169596,5673.41343658926,0.18184739980875128,42
33,Male,72527,PPC,Awareness,4450.7108192081005,0.2453631988649839,0.0494860540797682,41,1.915138025441902,1.9911364186230007,51,0,3,7,224,0,3,156.34534383503166,58237.629043559864,3573.825550059975,0.03973624250730187,102
63,Female,71341,Social Media,Consideration,7709.81419387721,0.2103012901479552,0.1788011528012735,5,3.083647574152048,13.470111241336324,63,3,2,2,1054,1,5,207.68537926452495,58944.826863134884,6370.161096775094,0.14773276229377205,75
44,Male,54851,SEO,Conversion,3811.1307688417487,0.1350913195812363,0.1656752416453308,6,6.053976995604112,8.755588821321181,43,11,1,6,695,0,12,318.03679984348173,48322.9842866175,3357.5543245699128,0.14595763247176674,67
62,Male,42480,PPC,Retention,1209.0787376019878,0.2911946775103791,0.0460781087009922,33,2.6403185532013427,6.6510688834423775,86,16,1,0,1296,0,17,579.5110388619106,32899.76386977364,936.4031301099201,0.035686414685226125,136
67,Male,113621,Social Media,Awareness,9056.448899652463,0.0325159124883463,0.0660289722947966,1,1.6054757624857134,2.531821508767211,94,10,6,9,964,0,16,4.064778067265768,110042.85612042072,8771.243900567664,0.06394959292750062,120
68,Female,31721,PPC,Consideration,8796.037895901198,0.0386643225838918,0.0640972614562577,29,4.985599797066548,7.067381811661857,18,8,2,9,4245,1,10,1021.818982454382,30540.18445640596,8468.60501958827,0.0617112382341222,66
20,Male,35552,Social Media,Awareness,4064.489781025393,0.1357515642273631,0.1524103966429789,14,9.353017978827612,13.440210580643424,33,9,7,3,2710,1,16,1759.8914367998186,31302.62032629078,3578.6785676059467,0.134193428777412,66
22,Female,118463,PPC,Awareness,6648.573350489107,0.2102336248828733,0.0405785829117804,32,8.842870430386675,9.189187562738942,94,15,2,3,1014,1,17,2600.2814392902783,97884.40641902084,5493.628018418805,0.033529545103911325,146
64,Female,87446,SEO,Consideration,1131.6191283585924,0.0752347868000308,0.131591371786408,42,9.861194512084564,11.14262523333212,81,4,9,0,4761,1,13,4614.942981648287,81327.35387053931,1052.439097256484,0.12238384899918701,136
34,Female,113083,Social Media,Conversion,533.2743143561247,0.0200435172384705,0.1386146747682493,0,4.181803514682799,11.976946312801616,68,16,8,4,1875,1,24,0.0,110860.9565071751,522.7956507187461,0.1358909423232414,96
22,Female,84566,SEO,Conversion,4956.378754859204,0.205654927329321,0.12325233131503,7,9.803691706904814,4.696441659503673,70,13,9,0,1272,0,22,322.2972630446691,70141.13083527511,4110.943058838745,0.10222853033749017,99
27,Male,81713,SEO,Retention,7054.694149092456,0.2747357297655043,0.0204631126725353,25,4.841738946987851,4.26338593226005,24,13,9,4,2680,0,22,516.0550428565898,64101.91390417183,5534.240536577893,0.016052827417255826,75
45,Female,42699,Social Media,Retention,2957.8015939148454,0.0937541329686695,0.1316899175595166,45,9.46330674173949,8.717557301115745,13,2,0,0,7,0,2,3712.3613450617027,39038.93819729512,2704.2655243612885,0.12040175537630525,60
37,Female,31055,Email,Awareness,4960.919505106342,0.0380183698765019,0.1779008601866957,22,8.481245161465807,3.391929942296688,91,18,1,8,773,0,19,632.8913670449651,29917.582290662893,4779.221301927986,0.17138507886701604,140
32,Male,30686,Email,Conversion,3838.74441330802,0.0236181979635282,0.1005798144208786,23,1.1845212911024556,4.697293160534945,54,8,2,1,3395,0,10,127.9730064616825,29977.9742691653,3750.1721061086446,0.09825911127897151,88
39,Female,103517,Referral,Conversion,2193.344500115076,0.2866375184349237,0.0732161432536302,33,9.90577158428256,9.511801248519912,11,13,9,2,4781,1,22,3109.3171072567534,80455.44958607994,1704.7105099057565,0.056905027410277066,68
39,Male,101560,Social Media,Consideration,4598.905179090367,0.0618604599359,0.0533030362730568,27,5.000576693035878,6.5667220388578365,36,4,2,2,1466,1,6,886.6097237832536,95643.45206537847,4330.988253737203,0.05019777860103621,71
41,Male,26861,Social Media,Retention,651.0231768959457,0.0376751450815667,0.0427289331515096,3,5.309010127486419,8.810182753378003,88,9,2,0,1521,1,11,140.32004838807,25885.750590941047,627.3863067663357,0.041177562509845875,102
33,Female,103220,Referral,Retention,698.4774299140579,0.0646601148045771,0.0382780631909731,48,4.653669690473766,3.1172800526022395,47,9,2,2,365,0,11,696.3260014806484,96951.1288764175,656.0567266505202,0.035953317550549174,108
31,Male,87602,SEO,Consideration,5005.823969966698,0.0716971635560675,0.1678974122456526,47,6.919376228590965,3.4186602311523395,14,15,9,5,3260,1,24,1111.7848278420452,81741.37524944282,4670.931434918191,0.15666497771491844,90
56,Male,23223,PPC,Conversion,6606.051664865172,0.2926405364845567,0.1400848406719014,36,8.43885815017036,7.692063217593754,92,12,8,2,158,0,20,2336.8402935150007,17965.55140004883,5110.5094404906085,0.10837107201734038,150
47,Female,91823,Referral,Conversion,3882.20179829874,0.186604147850955,0.0592302273759261,6,3.133079425507168,10.88562862312894,73,8,7,0,1667,0,15,204.63323443702322,77383.00946132673,3271.6907364008043,0.04991574273796133,94
58,Male,102962,PPC,Conversion,2245.345508820232,0.189265559285643,0.1501297686136245,10,6.86504167931046,0.5498473811812584,5,14,8,0,46,0,22,37.74725189069045,86576.12187293667,1888.0102020014317,0.12623738023978687,37
49,Male,47260,PPC,Consideration,5800.875973245347,0.191572532383702,0.079329312056168,28,4.01586556030286,12.88913591039398,15,5,2,8,3227,1,7,1449.309036129193,39661.874301061565,4868.252511360667,0.06657531111217568,58
24,Female,66266,PPC,Awareness,5100.480711319629,0.1752049187089036,0.1158218283701583,11,2.80045380262709,6.741594197987941,65,10,2,8,3517,1,12,207.67475418276464,56386.76195535392,4340.077743142097,0.09855458101502992,96
68,Female,111246,Referral,Awareness,4257.193363266082,0.2547599122538289,0.1713532657243455,33,3.359005919766379,7.5792383906094525,0,9,8,9,3890,1,17,840.1373185054658,88659.19202039007,3392.8350130497975,0.13656259181611627,59
21,Female,77937,Email,Retention,838.5098973979412,0.2612547182604833,0.1582580936937565,26,3.221217494047401,1.6525944131422774,89,14,7,6,2720,0,21,138.40751688865146,61793.22770541573,664.8220103821775,0.1254767109311792,142
41,Male,134650,Referral,Conversion,5363.629808039131,0.0182003108178216,0.0527217666171783,30,3.1023738535849734,0.5412900215222627,29,7,2,5,2036,1,9,50.37852029931346,132243.13386022116,5267.755029195627,0.05177936606091979,73
18,Female,32018,PPC,Awareness,3360.4455070956105,0.1159134387056366,0.1478954517694283,38,8.338081357341668,4.610351290954851,25,10,3,7,3851,1,13,1460.776397696456,28692.189635370032,3011.385462830735,0.13253308602589667,83
40,Male,54171,Social Media,Awareness,7327.782362300658,0.0984873785884901,0.1255426546505831,23,7.549727376519181,1.8187251199029344,84,18,8,5,877,1,26,315.8102130461692,49314.1760714697,6670.793406581101,0.11428684306951264,138
30,Female,100096,Social Media,Retention,9466.582752995226,0.2048103067372818,0.1165301117167016,14,6.531895272883462,3.8713583756545686,76,15,9,6,504,1,24,354.02230463006225,83080.29856672426,7857.322185955941,0.09672071285003699,120
48,Male,66162,Social Media,Conversion,3377.3015115327744,0.0317122887981064,0.0743201118840084,33,6.172835402170673,4.315826505471121,46,0,1,1,899,0,1,879.1492592057564,64128.343452296605,3273.4916005189416,0.07203569511669541,81
43,Male,72443,PPC,Consideration,100.05481308980612,0.1340385179337601,0.0428358485317606,4,2.765150472750215,9.274325125945658,26,11,2,8,907,0,13,102.57961802579135,63880.54625515942,88.22876075859213,0.037772833862652504,51
28,Female,132692,SEO,Awareness,2893.821189462902,0.2792010841700641,0.0108490978265385,11,4.127608896494305,1.770770592617925,61,2,3,1,4724,0,5,80.39953296914263,103730.36861994966,2262.209769264221,0.008481151212889497,78
49,Female,114022,Social Media,Conversion,1769.515286224058,0.207027433469119,0.0575713800941732,35,9.974577363992289,6.2455089990333335,5,14,2,1,704,0,16,2180.370944092881,94465.12716971913,1466.0108272256018,0.0476968281729167,57
64,Female,52132,Referral,Retention,3233.790929984422,0.1501790146879275,0.0722039048621469,42,8.82752522354232,8.415786550458062,17,13,5,2,288,0,18,3120.2038581049037,45325.11838093719,2811.5544525578316,0.06277623216916163,79
31,Male,36092,Email,Conversion,9946.816393206747,0.042628668279065,0.1802105925314481,1,1.5550509901645824,14.059013226017376,0,11,1,9,1357,1,12,21.86248243785528,34616.35105389197,9540.133218880981,0.17284254501547408,22
46,Female,45005,SEO,Retention,4988.867902472009,0.13556903938994,0.1236171194216263,40,2.1761489063827866,5.974448393293702,23,1,8,7,1930,0,9,520.0515734922595,39632.11256990413,4393.275731744298,0.10885918436807411,79
40,Female,31683,Email,Conversion,2491.1129336481554,0.1451659887644689,0.0817346764462064,5,2.3681384993525407,13.18601881274377,21,0,3,7,287,0,3,156.131594018227,27666.731557564948,2175.3291296538086,0.07137364997574784,36
43,Female,37833,Referral,Consideration,2829.789435691769,0.2099835637216557,0.1032464929920248,33,7.461488994348475,4.880711277053535,23,4,0,3,2232,1,4,1201.7733247848055,31267.366875326494,2338.7007233287786,0.08532883924014657,63
33,Female,64619,Referral,Conversion,6783.179899201177,0.1128486959041644,0.1208560110113006,4,9.878792183239373,11.792136236140792,71,18,5,4,730,0,23,465.96825309312567,58066.29440087408,6095.329872036195,0.10860057746943562,102
41,Female,104816,Social Media,Retention,2162.283628657529,0.239495851257772,0.1490424432696745,7,1.6491288926617709,14.45837398736177,16,11,0,0,3649,0,11,166.90605598427365,84563.41333747789,1744.4863784443994,0.12024440672264812,34
58,Male,27546,SEO,Awareness,8436.470873376344,0.2433585909713851,0.0138295549484072,26,5.661944934101447,6.597318724953586,40,13,9,9,548,0,22,971.1950386684929,22154.509728749643,6785.227475514746,0.011122740494037796,97
31,Male,144098,PPC,Consideration,4943.031155604032,0.0596802266582477,0.0156886976049714,19,1.5683800783145094,4.182758965287967,68,4,1,3,2989,1,5,124.64296083743208,135982.53168733735,4664.644136271296,0.014805124423663598,95
20,Female,78860,SEO,Retention,7934.27098181399,0.0487432923698444,0.0487980707152767,24,7.758364105102376,14.28763595415612,61,15,8,7,4285,1,23,2660.368366403879,75194.75983660418,7565.503435912257,0.04653004321487267,115
59,Female,99941,SEO,Retention,8567.987166150158,0.0893795838939,0.0467711543926795,18,8.854573417002303,8.966970164566515,72,1,3,0,63,0,4,1429.1765217040218,91741.20892074084,7865.015365465704,0.04293375338052487,94
22,Female,117098,PPC,Retention,2216.8834777336588,0.0538752007516632,0.014986107043068,13,2.8081566847147656,7.282631730004364,37,5,4,5,1282,0,9,265.860022674059,111111.82796262909,2103.554079413288,0.014220001602067635,64
29,Female,138335,PPC,Retention,4630.231394958304,0.2253916642607727,0.1646235558067355,21,4.256072602150752,0.6114451453801553,23,4,7,2,2258,1,11,54.64945355038181,112890.43661273124,3778.57262294299,0.1343436230293324,57
37,Female,69671,SEO,Conversion,6064.381808816161,0.2265726067643517,0.010454117213146,4,6.241985277769272,14.044544578815946,62,12,8,3,732,1,20,350.6633619757735,56801.36635676974,4944.16863328927,0.008523031702724499,89
30,Female,70840,Referral,Conversion,2540.7380589817226,0.2007212581461757,0.1272308655756388,19,4.761579090026372,9.27174209673681,17,19,9,4,1630,1,28,838.8145326228462,58997.87275305818,2116.0098913418365,0.10596203299679545,68
50,Female,50331,Social Media,Conversion,6875.714794565701,0.1281105689827112,0.0541877207254176,18,1.3534864859013276,12.268886172410596,44,9,7,2,4332,0,16,298.90388936554933,44615.307562792055,6094.894404513885,0.048034051107492155,80
59,Male,77061,Referral,Conversion,9444.460609384896,0.1020803541627143,0.1256690410611087,48,9.871463990425257,2.023790051824295,50,8,2,1,3246,0,10,958.9329897966909,69923.21359230264,8569.666062653077,0.11402892773329901,109
51,Male,106762,Referral,Retention,4647.272573996038,0.0374007777180529,0.0851664315301784,3,6.164907430930146,8.801085536839908,33,18,0,8,2121,1,18,162.77363287894855,102912.97470861932,4479.727289407415,0.08209597810165235,62
47,Male,134430,PPC,Consideration,4561.417636399155,0.198632417423289,0.0591644546494862,16,9.949491326545218,10.251464470538275,35,6,7,7,3168,1,13,1631.9497093441125,112152.81519666004,3805.518330803096,0.04935996539846016,71
60,Female,144717,SEO,Conversion,6434.413679536746,0.2503968657527023,0.0444040035700309,15,2.622292260095048,2.613422210829217,62,1,6,0,3223,1,7,102.79735253726916,115736.85440492896,5145.897159349817,0.03551192808157032,84
63,Female,66823,PPC,Conversion,7559.635522103395,0.1880381421152092,0.1782580670962946,3,9.574198989793985,10.51217529274696,5,2,9,5,4600,1,11,301.93697420506567,56246.51063898241,6363.125268557501,0.1500440606889271,24
27,Male,139191,Email,Consideration,8424.364897412766,0.1732929936221926,0.1272579643900992,31,9.957186690109156,11.57670959948079,28,9,8,4,2351,1,17,3573.4152209154795,118632.77182819379,7180.103301738,0.10846222135634523,80
23,Female,60409,Social Media,Consideration,5945.866184852132,0.2449188151178377,0.0929683078055225,27,3.476962208771417,2.905980861954588,33,13,7,0,4854,1,20,272.80761218358543,48524.44935879774,4776.107576371819,0.0746782092748133,80
36,Male,37938,Email,Awareness,2424.032524193835,0.2405670346373244,0.1301339031218398,22,3.130995002607763,13.1808972508868,57,2,8,1,1253,1,10,907.9251152930852,30581.1769463075,1953.971415097688,0.10489872734679269,90
20,Male,68737,SEO,Retention,5702.6836809987735,0.2760605680890265,0.1837745303565488,46,8.211959526526426,5.666647516660644,68,7,7,7,72,1,14,2140.5768826638,53866.56536447763,4468.975708213339,0.14401709053024156,135
40,Female,53937,Referral,Awareness,9181.60580944777,0.0122304004334204,0.1677400732427487,35,1.840510920115248,11.803628236606142,39,15,4,6,3372,1,19,760.3647333259004,53285.299450505605,9070.667908725482,0.16571333282514056,99
32,Male,85250,PPC,Conversion,256.77650935663723,0.2627052810990193,0.0274954926890955,44,3.610920817498846,14.17761477656051,63,7,6,4,1990,0,13,2252.5467509231103,67513.77481038256,203.354268965397,0.021775067468763794,124
45,Male,126823,Social Media,Awareness,8570.802579530287,0.1037349100050449,0.0658299602658996,32,3.016999039705812,0.5772154891203383,14,5,3,2,1800,1,8,55.7266744441402,114903.49616595921,7765.272713437244,0.059642908518313255,56
36,Female,127619,Email,Consideration,3261.8866169685107,0.2144245868460522,0.1545139555794709,39,7.983637440827652,5.771304919053446,4,7,6,9,2078,0,13,1796.9642353333277,105085.98177465734,2685.9523862571527,0.12723223595197025,65
23,Male,112407,Referral,Conversion,1250.4182436734393,0.0591884063987297,0.1975050449687309,47,7.91775173232312,9.058201683587386,87,17,2,9,2239,1,19,3370.867827381943,106125.59514523667,1180.543740961909,0.18646828437279972,162
19,Male,114243,Referral,Awareness,4655.736595144255,0.0211044168215052,0.1172051607882079,8,3.349754554387685,1.8307674421522224,61,1,4,5,3378,0,5,49.0609726189928,111881.79986099339,4559.510779158743,0.11478273804068369,79
37,Male,138422,Referral,Retention,2024.148847549343,0.1001384176419686,0.0684029332928429,17,6.987075728542632,5.307843749442561,14,17,0,5,2733,0,17,630.4672059546564,125822.34906103274,1839.9037930953214,0.06217666086005561,53
33,Male,77194,Social Media,Retention,3409.318998261405,0.2764616547300769,0.0661853668325378,24,5.169229914433932,2.497745177632435,80,10,4,5,664,0,14,309.8740581804163,60474.985452127505,2670.9137604155812,0.05185065026221527,123
56,Female,131732,Email,Consideration,712.6140913373714,0.0409378362943097,0.1549185909920456,1,5.164939765961339,5.5659393225224125,65,3,0,5,1642,0,3,28.747741341823925,126551.26502938906,684.588518632625,0.14882597748925006,74
49,Female,93133,Referral,Conversion,2668.196135749166,0.2664980278248005,0.1845700985916454,37,5.185638847554299,9.343602834149737,48,15,1,4,4172,1,16,1792.7443438167568,73535.84289424842,2106.751117750866,0.145732637980213,105
48,Male,112270,SEO,Retention,2277.7030406756808,0.0114043768413512,0.0585724800545034,29,1.956699945147892,5.557018266614035,49,17,7,5,397,0,24,315.329102786616,111004.0677801127,2252.0201541830593,0.05791202944704191,107
42,Male,149712,PPC,Retention,2155.352519127584,0.0115476026665233,0.1517492936993255,3,2.588474321629401,4.848590778213019,35,5,6,6,2886,0,11,37.65135817648054,148002.92107395318,2130.747493687787,0.15001695748109312,55
51,Male,99618,Social Media,Conversion,375.14862067407233,0.0633995791625425,0.1434252763339962,4,3.999805903954461,2.7818468441204782,66,12,4,2,1088,1,16,44.50738972404069,93678.80329466748,352.782367066115,0.13487430232664535,88
34,Male,147418,PPC,Retention,1855.37380573432,0.068203447230568,0.161029091587483,9,2.937771839115421,10.303782312617972,1,0,0,7,439,0,0,272.43145362946177,138005.54602421194,1736.9105206920794,0.1507475865248031,17
29,Male,46709,PPC,Retention,8167.272027198785,0.0111830859863273,0.1413773518722242,48,6.757474751221329,5.577210561275576,33,17,1,7,600,1,18,1809.0172584031027,46192.42612670795,8076.946836222316,0.13981380210125055,106
20,Male,84046,Social Media,Consideration,6158.09870296076,0.2347559665369664,0.1454292318496944,20,8.57904473629217,11.816048784317756,74,16,9,8,1914,0,25,2027.4082225374548,68066.89117341781,4987.300219517829,0.11777973607009132,127
34,Male,27543,Email,Conversion,5826.228802731562,0.2794224452008206,0.0717362248671096,18,2.8390841478036304,11.070359630691554,95,0,9,1,2170,1,9,565.7342856836696,21527.682356453268,4553.7959917664775,0.05606922493520093,123
38,Female,23261,Email,Retention,1986.867348336938,0.0320886530682288,0.0389026746437813,8,5.532022714837136,1.6848241639566708,32,17,0,6,2992,0,17,74.56388436411831,22537.792592573223,1925.0936849565298,0.0376931521610378,63
49,Female,81897,Social Media,Consideration,3617.286875658471,0.0444146347157984,0.0272183667497431,24,8.33523736509901,2.7762639818297306,61,0,2,1,2323,0,2,555.3796626414174,78414.25931597126,3463.4586259343178,0.02606088218703451,88
47,Female,62851,Email,Conversion,3931.248617104924,0.2832858055069015,0.0549229056138444,28,2.081697408059303,13.474736544469245,56,10,6,6,3216,1,16,785.4090758893007,48976.619027726,3063.424063630214,0.04279865434352693,106
35,Male,65939,PPC,Retention,2348.802308533227,0.0356707600996432,0.0172251512756883,27,2.214688069436152,4.482837894600499,42,8,6,5,3304,0,14,268.0583652644761,63667.91700642001,2267.9044335549706,0.01663187949231187,88
66,Female,36076,Referral,Consideration,632.6311087621833,0.2354885904586076,0.010354043214099,7,8.636235617524775,7.405850799540644,77,14,1,3,772,0,15,447.71070717147074,29199.78401954223,512.0493330718284,0.00838052515746473,102
51,Female,115352,Social Media,Consideration,828.4567226738702,0.0728556362481685,0.0432221712916465,42,3.540357696770957,11.028798113261056,96,14,2,1,3832,0,16,1639.9273920295052,107518.65964314816,772.1977633179298,0.040287033810808566,155
58,Female,77326,Referral,Consideration,4655.832086777158,0.2358484956589227,0.0405701176502895,21,3.187643065576105,9.96435267063522,18,16,5,2,4651,1,21,667.0187935636071,62569.158170777046,3767.3162229281093,0.0328277436860564,62
20,Female,50384,PPC,Consideration,1701.2114443521998,0.0219411553486036,0.1252502719219657,31,9.225636214257973,12.778379934616485,54,2,3,8,2991,1,5,3654.5492252147033,49302.25163777954,1664.6863035591166,0.12256113893293635,98
35,Female,134847,PPC,Retention,2408.2641855123843,0.0252977547302933,0.1929955357165961,9,8.473387948871284,4.617593904339661,13,19,9,5,699,0,28,352.13998087631865,131519.84326296684,2348.843713352209,0.1882336470807585,55
25,Female,67656,Email,Awareness,622.7762311727431,0.014026261310483,0.1911619386968044,47,1.825657307507804,13.19594485761562,52,6,1,8,667,0,7,1132.2898384624712,66720.16552368611,614.1618367633739,0.1885177396192433,114
33,Male,123191,Referral,Conversion,263.70618411276973,0.203143419470094,0.0683086767500437,19,6.037822114899896,12.225645680114363,20,3,3,7,1171,1,6,1402.5092032701727,102390.95190684547,219.18100522788467,0.05677517380274515,52
20,Female,127789,Email,Awareness,3416.1109033216203,0.0399255058730166,0.0110222250438444,24,9.585219514679908,6.473878935285151,90,10,2,4,2574,0,12,1489.28521694809,122882.84043261468,3284.9573205282604,0.010599052510584642,130
33,Female,99903,SEO,Consideration,7731.892391722867,0.1919042627182179,0.1074234011229645,8,5.368352354857755,1.1553442866029058,95,18,6,0,1183,1,24,49.618361773249305,83817.97357798225,6487.007919654357,0.09012754168525096,127
60,Female,102897,Referral,Retention,1322.0560959616655,0.2795115516732635,0.0823911602536347,6,3.186454841387248,3.246681760195756,81,17,0,3,596,0,17,62.072428879316625,80418.9691491553,1033.2506136679774,0.06439266620601337,107
51,Male,59927,Email,Conversion,2889.687542164721,0.2690217205399899,0.015283895426464,48,2.044418796793994,3.765749421208047,13,3,9,5,605,0,12,369.5409072352241,47222.98998515176,2277.098567655021,0.012043840683798894,78
34,Female,129667,Social Media,Conversion,4285.028645241308,0.1754338229581661,0.0757642622245771,31,3.677607066155325,2.5274247993004177,74,12,3,2,2442,1,15,288.141134333586,110314.16441095117,3645.486935587197,0.06445642514684859,122
47,Female,46866,Social Media,Retention,4791.321867737106,0.2276191606088674,0.0616486879471712,26,5.064128985186638,5.3193378443409065,77,7,6,1,2167,0,13,700.3831369477019,38176.33473296041,3902.9383227944522,0.050218088740644165,117
30,Female,99134,Email,Retention,3675.517682483883,0.1786309230823193,0.1488920996126506,6,3.741474895709608,1.5506081166149488,70,9,2,2,4136,1,11,34.809368048390326,84109.45110853516,3118.463643285196,0.12632631360398433,89
58,Female,77255,PPC,Awareness,1953.7785808864232,0.1108935153113009,0.0647907199787594,31,6.901987294857662,7.38097681587238,74,4,6,0,1317,1,10,1579.245654410494,69543.11906155215,1758.7451487993649,0.05832306975039222,115
18,Female,28678,Social Media,Conversion,5285.584096385558,0.0660000908262241,0.1431404496388795,38,9.153895485844131,12.184929272358271,15,19,2,8,4065,0,21,4238.503624339674,26902.436732226313,4958.333626678083,0.13427808390516713,82
42,Male,84459,Social Media,Conversion,5321.937061632834,0.0791855394271802,0.1939906248658488,43,1.434276531306339,10.004080262597064,70,0,2,5,2647,0,2,616.9905541317609,78261.79735954387,4931.438447977778,0.17975650875457144,120
69,Female,46639,Referral,Retention,2045.8080157589568,0.020168511760226,0.0927212929715909,44,4.950830189239511,6.067864513996511,34,18,7,1,703,1,25,1321.8025400847987,45716.95701480516,2005.3628319002564,0.09088821297925292,104
22,Male,103568,Social Media,Retention,1653.2270872417723,0.0854750609977699,0.1137135341206376,29,4.637353739501325,9.05446040261878,57,1,9,1,297,0,10,1217.6733384102754,95412.60202219679,1523.0447447794186,0.10475923234580073,97
58,Male,117576,Email,Awareness,1871.8651988797465,0.0617953062643075,0.1077485047826276,7,6.247395408203055,6.339262075941706,89,10,1,0,1232,0,11,277.22713749243786,110733.20752722595,1762.9247255438443,0.10147766160477478,107
62,Female,75041,Referral,Awareness,7600.157838315368,0.0271613026992459,0.1502541474634716,41,1.7124727040629988,6.3141249930043815,23,0,4,5,771,0,4,443.3234347230411,73056.68525751705,7399.186299506363,0.14628096587032952,73
65,Male,90687,PPC,Consideration,5241.813541586949,0.2582209853844433,0.0172502049752676,25,3.8224671744173855,5.586708708218365,30,15,7,1,220,1,22,533.8752662549114,72075.57420629972,4166.051593858402,0.013709996237264224,78
32,Female,49400,PPC,Retention,2824.703335874932,0.0926410666638766,0.1389617152553579,10,3.6472092013230206,8.161734332539634,72,17,4,4,3913,1,21,297.6755255639256,45211.55346177068,2585.2070016913253,0.12717965624305602,107
57,Female,133286,PPC,Awareness,6259.7659981831885,0.0204939778380008,0.1081351531508473,2,1.9010888432573083,4.766380600177718,4,2,2,0,73,0,4,18.122625963431865,130609.29598269377,6134.054814752567,0.10596353873634844,10
24,Female,135852,Email,Awareness,9728.323834164505,0.0745308153084775,0.1306996478886732,7,3.688353191668861,9.89545130915009,32,1,3,6,3747,1,4,255.48543593375283,126429.13359446045,9053.554998673248,0.1216341551369579,49
43,Female,58101,SEO,Consideration,1664.6809677558206,0.1167977327214758,0.1885687307211815,41,8.07152914770382,1.6511006321655135,71,19,3,7,1182,1,22,546.403182010962,52024.64000210334,1490.5841218886003,0.16884770195733345,141
58,Male,105261,Social Media,Awareness,4617.527501913628,0.2868415921755076,0.092745133398761,25,4.395430530404733,13.117412566824084,53,5,8,6,1944,1,13,1441.4168919033323,81797.94672477747,3588.264111130673,0.07207191154116181,97
19,Male,53864,SEO,Consideration,9977.66976796782,0.1534163750220297,0.1820397207262989,10,2.024007648149011,0.9094642507062384,14,4,0,9,1903,0,4,18.40762599147536,46699.527739036326,8650.535907102283,0.1578265444019052,37
66,Female,129658,PPC,Consideration,3757.065654545756,0.0729092527811368,0.0333494739625852,6,2.111567508178944,11.20033432742533,87,6,1,0,3294,0,7,141.90157227919553,120847.12631931136,3501.7552927303923,0.03108321964428819,100
59,Male,90072,Social Media,Retention,2730.742614057917,0.0548586866579236,0.1429754486714309,20,7.23312917231293,2.872058895980341,60,1,5,0,370,0,6,415.4794597023254,85387.74068910818,2588.728375276166,0.13553990736372054,86
61,Female,68484,SEO,Conversion,5617.0125676697535,0.0118284344325623,0.0473631682156859,7,1.2258100753355134,11.130835117577115,45,17,1,2,3671,1,18,95.51002883817068,67683.41120834988,5551.348802348886,0.046809485288133224,72
53,Female,73509,Social Media,Retention,9522.702254054491,0.1224221897585678,0.0790918055129284,3,2.8039904492057373,7.391911207359916,23,7,2,1,850,0,9,62.18054528044216,65491.39946690802,8484.064499921209,0.07046529036452939,36
37,Male,34538,Email,Retention,4087.6699130740376,0.0440075360073498,0.011974734662136,14,4.3785028757810665,13.724474072714434,93,4,3,1,4757,0,7,841.2970887434797,33082.13667890311,3915.3643743863363,0.01146996956356424,115
33,Male,116847,Referral,Retention,3608.654713441893,0.0905306131983839,0.1397497758616683,46,1.135595537044512,7.067107783657954,67,2,3,3,1158,0,5,369.16729871098727,107146.92332872987,3309.0815331246686,0.1281484207507027,121
25,Female,103938,Email,Retention,5934.67441476114,0.1118187201498716,0.0468266174422669,3,8.609427137928089,9.361682181204868,18,10,0,0,496,0,10,241.79616188256907,93484.66446579465,5337.807600470293,0.0421171334801367,31
45,Female,117138,SEO,Conversion,9139.572962714195,0.2803562515971907,0.0296475505830616,20,2.4015481592140926,2.851491148396574,82,15,7,2,559,1,22,136.95986636894142,91488.59925030652,7138.304633037064,0.023155704161304736,126
48,Female,128447,PPC,Retention,8752.45763947347,0.2680479888971986,0.1789496123931669,44,5.136001597905706,9.260729643372006,15,11,2,0,4297,0,13,2092.77737882978,101295.06227261032,6902.307890638544,0.14112211364239974,72
58,Male,92972,Referral,Retention,6360.732917680156,0.0749714965648351,0.1892159541104033,2,1.3355713537476013,11.121238645903416,84,12,0,1,1938,0,12,29.70641550731873,86487.87460607105,5917.117744988059,0.1760195081591087,99
26,Female,101646,PPC,Retention,4538.964375042452,0.1705155431986189,0.0762881804061149,3,1.5323468618893838,12.761352128854424,94,19,8,8,4862,1,27,58.66445366434646,86838.65890600327,3877.748058465771,0.06517485466074664,132
43,Female,94693,PPC,Awareness,9585.417151161531,0.1540043577651637,0.054992612316163,15,4.970330535258638,5.64848209526285,73,15,9,3,3508,1,24,421.1223455391995,82056.01596113706,8306.222664292689,0.04765373020138441,115
32,Female,130632,Referral,Consideration,1722.197340960325,0.1044480211468951,0.133256897444088,31,6.044748573379793,2.2505392802701563,76,3,3,6,609,0,6,421.7222672161946,118278.08778574066,1559.3285586875684,0.12065474779492988,119
23,Female,33803,PPC,Conversion,7077.941437781093,0.1324628252951293,0.0517948698837554,45,1.3675645788446154,2.9400944651453376,62,17,1,0,4526,1,18,180.93460720454405,29849.103427470705,6250.043073984811,0.04573648576080829,125
58,Male,104764,SEO,Retention,3014.170809262608,0.0132355527328161,0.026295155777655,27,1.840394369945804,4.905857688116703,74,16,3,5,2373,0,19,243.77524746206362,103395.50336290422,2974.797717207053,0.025951671066746382,125
41,Female,50796,Email,Retention,3360.2283175558346,0.0687234577540518,0.0220497179065463,3,9.60971663428219,13.759613873844756,91,19,0,0,948,0,19,396.6779709743579,47529.60144315445,3144.1513641119427,0.020631827388615867,113
64,Male,41323,PPC,Consideration,5187.8263455387805,0.0993986623168795,0.1386085548568389,14,7.103356387279124,9.200589390949755,30,5,2,9,1087,1,7,914.9709158370969,37586.91129650427,4718.78539001123,0.12607669957023088,60
67,Male,101738,Referral,Retention,4142.95883825161,0.0224374292321252,0.0854155332275313,0,7.347263714192531,3.826881540132917,88,10,2,4,389,0,12,0.0,99505.35562494778,4052.0414450819458,0.08354108602193916,104
46,Male,116421,Social Media,Conversion,6498.661510421684,0.2378151462054412,0.1810377913631464,41,4.746988019584737,3.925631875764667,95,8,1,6,4744,1,9,764.0320268257482,94053.62372313185,5250.106633727599,0.1462559186790718,151
51,Female,132446,Social Media,Retention,6604.123739640939,0.1980323695403225,0.1663005038878793,40,6.471832940867346,0.5960704891611299,5,14,9,7,2032,1,23,154.30674507327652,110552.93944254503,5512.4752114793855,0.1388113611251487,75
54,Female,93709,PPC,Conversion,6744.507297745241,0.1460179932255146,0.1258302496360333,48,2.962246142887429,10.951200213397277,9,12,9,2,1741,0,21,1557.1272284219556,81769.22225824062,5885.16701972763,0.1097977958285619,80
39,Female,69474,SEO,Consideration,1112.9717373617343,0.1858761283476679,0.1154670594243512,33,3.242878049617965,4.455780247900522,32,0,6,0,31,0,6,476.8352146746507,58584.53369560706,938.5227603092791,0.09736856714135599,71
49,Male,110312,Email,Awareness,3926.925870225349,0.1796408578446376,0.1445134845947422,22,2.7809584484596974,1.4654615088263585,74,13,6,6,2866,1,19,89.65852640498946,93513.20723288176,3328.9164614053557,0.12250634049653703,121
48,Male,55776,Referral,Retention,1865.3418646648777,0.1780268206904479,0.0710553486432553,37,3.466736819798653,5.0916545891371685,47,7,9,6,1213,1,16,653.1027782007684,47346.96954294248,1583.4460064089126,0.06031725882234955,106
54,Female,45280,SEO,Conversion,6676.072860562298,0.2355301162313529,0.1540753057416265,3,6.72147222139275,1.0484471488238143,66,19,5,9,346,1,24,21.141325159253093,36648.23657889803,5403.407632770487,0.1247038042355383,102
20,Female,140234,Email,Conversion,7252.169892160901,0.0262025146267881,0.0637576864694271,9,8.75200561996705,2.669896987487291,51,18,3,4,159,1,21,210.30258095299683,136653.33888896252,7066.996805010158,0.06212973127688608,85
67,Male,100982,Social Media,Retention,4804.41350573369,0.0639641661758721,0.1792648299406223,33,1.7541625005238346,7.6473418942136115,81,2,9,3,3394,1,11,442.68445252397606,94911.09119111799,4515.578304673398,0.16848765742265612,128
68,Male,80089,SEO,Consideration,7436.967190486959,0.0266968918143743,0.1393322835896193,33,1.2113168828297536,0.6491850522927481,9,3,1,4,884,0,4,25.950170859456435,78006.46971714024,7243.585959770836,0.1357092679450815,50
33,Female,48639,Social Media,Conversion,4417.000059713817,0.1445279802651724,0.0727953372266995,15,6.242334292520851,9.10383544338691,49,15,4,4,3194,1,19,852.4377627258131,42496.995126961396,3859.2329203611557,0.0636029336826119,87
21,Female,107508,Email,Consideration,3410.6771231779203,0.1424985876092324,0.0431750545893097,28,3.4015212415709963,2.316947879845042,19,11,0,3,597,0,11,220.67212800936227,94099.02223596521,2985.27907182365,0.03779002885216417,61
58,Male,83203,Social Media,Awareness,3000.236393800835,0.2904397174916018,0.174294701461659,21,5.650252681561325,14.815381303752396,37,0,0,5,2376,1,0,1757.9236067374902,64476.47175780723,2324.9721417694664,0.13506613218667715,63
33,Female,136469,SEO,Retention,7265.773686687975,0.1357218578042284,0.1908694542161061,26,7.434878309621553,7.764983750915251,67,0,0,1,2107,1,0,1501.0244408703338,120160.58250727445,6397.493925788671,0.1680600341575952,94
56,Male,124555,PPC,Retention,5432.850081031507,0.0350787952632606,0.1082364311913447,5,1.5571529674885458,5.308384313687734,93,3,9,5,161,0,12,41.32983193314251,120333.83407136734,5248.730923571595,0.10456830116379304,115
39,Male,114760,Referral,Consideration,3716.343876771454,0.1164483981441456,0.0507729119140094,7,5.752089998569316,1.1640930597120005,26,6,7,2,1539,1,13,46.87177632321346,102790.24108123916,3328.719789422488,0.0454771684910905,48
47,Male,58767,Social Media,Retention,6128.094291240569,0.1078926263224253,0.0470346798414595,19,1.965717775854676,8.558563535035729,39,2,4,2,2772,1,6,319.65068905542597,53043.94902877283,5531.307046949453,0.04245418619454842,66
62,Male,142453,Referral,Conversion,8331.608108287517,0.1892228613737001,0.013223941205413,43,1.3313554493025517,0.8385985366568642,3,19,4,6,3045,1,23,48.00832745687626,119786.63093934226,7005.926625614542,0.011119817516909913,75
43,Female,31290,SEO,Conversion,9156.605726609494,0.062198940794102,0.0733061001328665,0,4.659636796406853,1.76056245892319,65,17,5,7,2589,1,22,0.0,29457.75861592136,8620.42445623604,0.06901353156882525,94
55,Female,29327,Social Media,Awareness,791.9709683676142,0.2149381882500149,0.0193844944743663,4,6.580850730053744,4.393026663249328,7,11,1,3,4644,0,12,115.63941089595963,24138.676587524442,651.8611202009885,0.015955128138895307,26
65,Male,88741,PPC,Consideration,9898.482181588428,0.028603919735918,0.0166781844428625,38,2.246808096152288,3.4040400440849203,7,18,6,1,222,0,24,290.6325397657104,86273.24696835999,9623.22035884303,0.016214389351291242,70
19,Male,73619,Email,Consideration,822.2831081741799,0.0901643476461671,0.0557445749013754,42,1.18327894050338,0.943304999948814,41,11,3,1,1851,0,14,46.88010351826089,67530.18492941433,754.2744449032991,0.05113410195603675,98
65,Male,28800,PPC,Retention,4157.265300068579,0.2411333639812456,0.0297405739939867,28,3.9253607044919816,4.551857162901855,92,8,0,0,2208,0,8,500.2950747120283,23204.59737510947,3349.5717871390634,0.023962432126219194,128
66,Female,121733,PPC,Consideration,5798.745811908001,0.2297612647723554,0.1710398259312974,26,8.754494635836705,11.578212753916471,97,12,9,0,1078,1,21,2635.396437615185,98989.13186417067,4715.342707579444,0.139083764329623,144
62,Female,38651,Email,Conversion,1598.7952954260286,0.0289215824075549,0.0359836863110382,26,2.1807818125798217,2.921428828108688,29,7,8,0,1123,0,15,165.64597023223104,37564.57310338581,1553.8553401562797,0.03497223396445882,70
66,Male,32470,Social Media,Consideration,794.9880641237216,0.2885737799923814,0.0552333143804112,47,6.910295874009096,14.890172570294402,84,0,0,8,3488,0,0,4836.088409562074,25198.401910825763,616.9519172805317,0.04286391298505063,139
28,Female,79066,SEO,Conversion,8406.317387508638,0.1461490583575127,0.1002629295163336,11,2.262402385816189,13.92188749056032,86,7,9,2,185,1,16,346.46602621079046,68984.04655438571,7334.4015127973835,0.08747808915885273,115
21,Male,104825,Referral,Consideration,5672.43354739067,0.020359556758454,0.0336428208880731,29,8.140053676495976,4.245562271813885,97,1,5,9,2658,0,6,1002.2140386046653,102733.39364117393,5559.24968783674,0.032971535048833024,141
55,Female,133917,Social Media,Retention,7934.4905172969,0.2539567277269219,0.1040557956189084,28,4.869115278125525,14.647070554781294,14,1,4,2,1523,1,5,1996.911700505907,106795.55126495843,6327.563257848575,0.08298196685585227,49
59,Male,104021,PPC,Awareness,3215.649626162383,0.1404734560201693,0.0491702375174414,35,3.706453829531279,7.877529851291032,84,7,5,7,3231,0,12,1021.9195239597614,91208.61117013177,2819.574282231707,0.04311388157075339,138
27,Female,66815,SEO,Consideration,1717.2294659649017,0.0723242682238154,0.065886456540258,24,1.4346357607983529,1.7603770379519943,74,19,3,0,1135,0,22,60.61199642722105,62308.57771285129,1601.4087499943457,0.061442661042626134,120
59,Male,22736,Email,Conversion,4294.411517071235,0.0914822656733682,0.0718916507333104,3,2.7101174539248234,3.182375646575533,43,3,3,0,363,0,6,25.87383535418894,20830.388834557452,3934.476676468841,0.06586607313217158,52
49,Male,33155,SEO,Awareness,1028.9061215541392,0.1116990822442463,0.0777860929870331,35,2.3715517349864887,4.23169443241881,26,15,0,0,4547,0,15,351.24887955974225,29823.718063226454,925.5257452196789,0.06997045714025611,76
69,Female,66647,PPC,Conversion,6099.874697812765,0.0453532146850987,0.1364840941622989,17,4.781972620463925,10.647822885426038,99,16,5,0,1524,0,21,865.5991575961607,63755.48385344247,5835.228334425015,0.1305626579083255,137
65,Female,145741,Social Media,Retention,7287.54210771755,0.1105432078504807,0.1005481516991117,37,7.589393937385001,3.595532741549236,30,15,0,5,2838,1,15,1009.6528324441726,131233.9753822726,6562.141892545541,0.09053961249623808,87
38,Female,52532,PPC,Conversion,9545.09262328639,0.226403922227743,0.0501742211576281,20,6.344669004391348,4.3479665824946085,54,10,1,8,4691,1,11,551.7281761616584,42834.174816219165,7782.992577150179,0.0409116607083965,93
51,Female,141237,Email,Consideration,4049.906005156893,0.0687541685463745,0.0620991651351476,35,6.66448869196539,3.2628572344443247,31,9,4,4,1499,1,13,761.0846299858084,132151.06350611776,3789.3709557785583,0.05810425536829431,83
47,Male,60888,SEO,Retention,3812.240977872749,0.1585512762824254,0.1145756133110315,40,9.667531661444034,1.80035787360382,60,11,2,0,2151,0,13,696.2006697997994,52555.29146312644,3290.5241709331312,0.0988955911202163,113
37,Male,123083,SEO,Awareness,1071.4479281335916,0.2595468150561768,0.0125042163981243,42,2.735852048652536,3.314316960506549,17,5,9,0,446,0,14,380.83419554399893,97720.06766934693,850.6614564269325,0.009927551916811128,73
23,Female,40221,Referral,Conversion,5039.29523154107,0.2452781630999398,0.1947975109714318,40,9.972151119559609,12.572291992928625,39,0,5,1,1800,1,5,5014.91182690854,32298.807761854296,4046.7225563455427,0.15642891423271374,85
35,Female,97758,Email,Retention,3659.225152013151,0.0525236493649728,0.189055567233352,44,1.428582151138863,5.435202482703995,18,7,0,1,1942,0,7,341.6438632031288,92879.62323600148,3476.620363087233,0.17962120599134887,70
40,Male,61025,Email,Awareness,6852.560498706314,0.0876937618355002,0.1504281051779253,38,2.5298748588893223,3.4929945950124117,99,8,2,5,35,0,10,335.79988991001125,56104.946209325826,6300.082559214564,0.1383000532466744,152
30,Female,84586,Social Media,Awareness,1775.9623771324234,0.0845917333258563,0.1229987492393764,25,7.898466653514449,9.731610453569354,62,1,7,3,1115,0,8,1921.6200163127542,77988.79283416671,1637.4478271990024,0.11340557507496922,98
59,Male,126373,SEO,Retention,8673.034341945604,0.2460524467709146,0.1858001484738,14,4.332329375170184,2.1400157928873837,13,11,6,3,1683,1,17,129.79754595995777,101418.68452446732,6960.408740756746,0.14911101772264257,47
37,Male,91123,Social Media,Awareness,5841.691054317846,0.0247935416274446,0.065932094864335,6,3.71640384176659,1.0584496640042165,21,3,1,6,3453,0,4,23.601758385730957,88918.39799779597,5700.358966978683,0.06433695391915739,37
46,Male,134540,Email,Retention,2901.619192885972,0.0105138658830772,0.0975851039194583,18,5.903688127398821,12.801602269626033,34,18,6,9,3545,1,24,1360.3800119557143,133140.18198298244,2871.4293696012555,0.09656978218124669,85
59,Female,91366,Social Media,Consideration,4931.849202973146,0.0696040024029982,0.130620817779366,15,9.46437408959992,4.337830851229239,21,9,3,9,2630,0,12,615.8228087016176,85420.3983855099,4610.911320351395,0.12212072644259941,57
53,Male,20610,SEO,Retention,8164.162132836615,0.1613544597802814,0.0478348748375196,8,7.92741858719671,1.169303069280912,53,17,5,1,56,0,22,74.15643908386932,17746.519872924277,7029.862471429443,0.04118886739072717,84
66,Male,43039,Email,Conversion,3867.718516569219,0.0569631088546418,0.1438897578464909,11,8.75027049919974,13.83603207794623,43,7,6,1,1573,0,13,1331.759256493976,40719.49119079322,3659.274845231258,0.1361350804404274,68
21,Female,40239,SEO,Awareness,3623.783494216359,0.2676050562779128,0.0180060605386156,10,6.207700880502449,4.976851482278746,86,18,1,2,1392,0,19,308.9480532867169,31744.114462713143,2858.7638367875616,0.014204787563318071,117
64,Female,42769,PPC,Retention,3901.843361565271,0.2202818632691465,0.1623760554243559,6,8.086364829799901,4.275060875145293,74,19,4,2,4114,1,23,207.4182114361709,35048.459939756416,3197.4935291689053,0.13306438480479332,105
25,Female,43430,PPC,Retention,7056.18273165397,0.0553049987685722,0.1605955459449274,12,3.5590325726630487,5.791059913223277,73,19,8,2,1527,1,27,247.32685033685868,41153.979229396384,6686.391839219731,0.1521792715208638,114
20,Female,78097,Email,Conversion,4444.517313889919,0.1931920955555064,0.0466292249662302,9,9.69709185459123,13.597053730113474,13,1,4,2,2211,1,5,1186.6669107545042,65452.160042713745,3724.8967123107827,0.0390793947931086,29
43,Female,102473,SEO,Awareness,1874.0069662680835,0.0846239016432857,0.0708837183963901,45,2.046746117137024,6.511106012516611,23,15,0,9,902,0,15,599.6961427223656,94477.91058702082,1727.794273599193,0.06535326972694959,92
51,Female,138712,SEO,Retention,3332.9223998563743,0.2704579773515062,0.1010953392480273,48,9.226020035846654,14.00717531090314,22,15,9,9,3311,1,24,6203.0630430724295,109182.67465183669,2623.402315757377,0.07957393400667874,103
31,Male,67930,SEO,Awareness,4996.374650652131,0.1639215923383169,0.0197238122216385,9,8.884390454036021,5.05960671133809,27,14,0,2,2145,1,14,404.5636941064984,58363.03789461344,4292.707243805334,0.016945997351946525,52
36,Female,81794,SEO,Awareness,1407.9448793521992,0.1676257191082442,0.1704125330979441,46,6.896703833767982,13.96178629883928,75,8,5,3,859,1,13,4429.354034298891,70051.55732820692,1205.8186594480765,0.14594790977034489,137
63,Female,124893,Referral,Awareness,4845.139441842252,0.0150043866085627,0.0508866191446738,2,5.788093060260668,0.9608666320512312,13,5,0,0,625,0,5,11.123170969623546,123046.75885914676,4773.515765809971,0.05013438347266795,20
18,Female,66125,PPC,Awareness,3361.68920400337,0.2146762845790869,0.0593544802071393,39,9.87016029945914,8.792592187777032,30,0,1,7,2842,1,1,3384.5874793041266,54438.3724614446,2767.559757839738,0.04886444311185921,77
36,Male,118262,Social Media,Consideration,1496.197745319138,0.1915086250906538,0.1035020979237874,0,2.7858637863311357,0.7062499383707646,36,16,4,0,2622,0,20,0.0,99254.00245508274,1255.7170916033467,0.08686642777421157,56
63,Female,30015,SEO,Conversion,2427.226764584444,0.2942882698311662,0.1747483334037638,6,2.735235509083932,1.6971444122285284,49,5,1,0,865,0,6,27.8525379622251,23190.351562032865,1875.3370645173693,0.13501500204939576,61
61,Female,46622,PPC,Consideration,2000.0969701895624,0.0244630368376186,0.0726172992037157,14,8.037019780791198,1.1007638697302429,86,17,3,7,98,1,20,123.85605393003118,45508.71854187724,1952.336881146631,0.07088327893983921,127
24,Male,77564,Email,Conversion,3108.1461738619223,0.1486408522898782,0.1145112698733475,11,8.314313671409106,1.0931204947783733,50,4,1,4,618,1,5,99.97401341656646,67526.76421474296,2705.9338588434007,0.09969284101733196,70
29,Female,119047,SEO,Conversion,4814.916275227761,0.0528611477988256,0.0196449146745731,20,7.199489047383032,1.0045659291581757,86,4,2,9,1981,0,6,144.6472280869689,113069.99051953504,4573.173096275907,0.018658599679211196,121
54,Female,94801,SEO,Retention,6233.498867203423,0.0483594999554876,0.0790044329308663,4,2.788601905594202,4.860528060873898,45,4,6,8,2224,0,10,54.216311250988184,90427.94957648133,5945.955435581108,0.0753600581997118,67
35,Female,117081,PPC,Retention,1790.1966242504595,0.1025547933701089,0.1118527807088387,5,3.155499138583658,7.686788294587948,85,16,0,8,2851,1,16,121.27826921023608,106190.64077724969,1623.6804148104782,0.10144872742963225,114
25,Female,108586,PPC,Retention,6775.778884372924,0.141421020654464,0.1322259735756961,4,3.3952074536826,14.688808444269256,75,17,2,2,887,1,19,199.48620766279558,95132.29389952827,5936.2660769011,0.11584329636743577,100
43,Female,113803,Referral,Conversion,8778.416581072403,0.178676394571657,0.1881617905337542,14,5.120297709965263,8.694065569164598,84,4,4,7,3401,1,8,623.2268563371387,96551.52213458654,7447.690156094599,0.1596382106236497,113
29,Female,20981,Social Media,Retention,2900.429412689321,0.2207513010211567,0.0191519139867817,32,3.990016282783815,3.188905871179744,42,1,3,1,4640,0,4,407.16116320870674,17186.956903055867,2375.938006589152,0.015688628773740523,79
34,Male,139855,PPC,Conversion,9675.024721517611,0.2195319656456783,0.0390132067563403,8,1.1108060690584485,0.6706457500869979,36,11,4,4,5,1,15,5.959658955079142,114679.24083970535,7933.391656851892,0.03199031091873418,63
55,Female,145900,Referral,Awareness,692.1039059880618,0.0561404613542682,0.1933474964883548,39,7.080728722550068,5.471679187941323,71,5,6,1,509,0,11,1510.9955634787868,138144.50382188303,655.3142610411787,0.18306986955165896,122
58,Female,59140,Email,Retention,3277.1624672591342,0.0356934788466335,0.1622418314564988,37,7.101230290017846,12.63131561347023,92,9,5,7,452,1,14,3318.8215983745554,57101.83679621055,3164.220432196445,0.156650432555754,150
57,Female,114368,PPC,Consideration,4134.282591172228,0.2988074929905777,0.1055811701726904,5,1.2281952775217415,6.561983587528119,18,18,4,3,4334,1,22,40.29698626688606,88056.1596828035,3183.137311329186,0.08129085391214043,48
22,Male,111352,Social Media,Awareness,3898.505276220404,0.2275108858867915,0.1043706764919228,19,2.897021892959395,1.2685027828036026,50,8,5,7,2854,1,13,69.82272632817711,90713.65580563132,3175.9435464427706,0.08502627365012916,89
69,Female,50268,Email,Consideration,2400.440469972521,0.1483172161497077,0.0144800006057534,3,1.4938720269853945,2.533319933233654,13,11,5,0,819,0,16,11.353367350986787,43775.360408292,2090.3983988162836,0.012609756609157745,32
59,Male,99045,Email,Conversion,2412.5435567182035,0.2115528680289828,0.0934355412292516,8,1.5952823111047914,3.883207473980967,54,2,1,6,1341,0,3,49.558497548734046,81750.45647090214,1991.28211436869,0.07712048206468892,71
19,Male,140207,SEO,Conversion,4927.31682454605,0.2262943368138904,0.0675376165672227,13,5.71431125445189,9.394182453144667,17,15,6,6,3408,1,21,697.8566727389275,114333.8885216418,4018.0539668380193,0.05507455636034027,57
45,Female,48604,PPC,Consideration,3074.3926977574574,0.1227801888091497,0.1741814334295141,7,5.625848485582386,12.895350254831714,24,4,8,4,2089,1,12,507.831006915396,43288.971861492035,2738.196423841642,0.15513404597408822,47
51,Female,37332,Social Media,Awareness,2051.260445124964,0.0909027365998168,0.1993022265236149,16,2.7190850147234418,0.8671855874060447,37,18,1,1,3803,0,19,37.727221371198745,34221.19933107726,1880.3330272306778,0.18269477180413957,73
38,Female,120566,Social Media,Awareness,2445.2277632871724,0.037503510781547,0.0383993872462522,20,7.830556785210321,7.33382552085477,22,14,3,2,1563,1,17,1148.5587438775588,116207.79953715834,2356.838061632382,0.0370113323446261,61
64,Male,88096,SEO,Awareness,2119.53902286984,0.1975378084359902,0.0643620440136404,30,1.5554657823649547,0.7035642989245909,0,1,8,0,232,0,9,32.83110578012369,73564.27444662916,1769.9140753125807,0.05374531272436283,39
37,Female,126188,PPC,Conversion,1181.8860452636911,0.2410529620930638,0.1426405302482922,31,6.090757988173949,3.69522551073539,16,8,7,7,985,1,15,697.7084532260878,101678.17478730409,952.3252281436996,0.11493508706326742,69
49,Male,120578,Referral,Retention,6576.6942362644095,0.1304791417392447,0.0771699246060373,13,7.336917160081548,9.833379076420488,85,15,8,6,747,1,23,937.9069399358923,106660.96838769664,5817.61661355923,0.06826302384253743,127
38,Female,130453,SEO,Awareness,3072.713888257203,0.1572803623372573,0.1427992447699962,49,8.143302844705769,5.5461634476045,77,2,2,0,2124,0,4,2213.0403404239632,112723.76534285568,2655.116243441229,0.12339209185369492,130
33,Male,146272,PPC,Consideration,7390.12307037155,0.2515014298332081,0.078911213057437,38,7.064729670157876,7.986480404649673,18,1,7,3,3141,0,8,2144.048352844795,116877.2136516809,5905.005694924741,0.06305323444013465,67
36,Female,146047,Email,Retention,169.1052121156579,0.1061574835957064,0.1526974187276861,23,8.542397526860926,8.262284347170123,93,9,4,5,3972,0,13,1623.3334995902192,132030.92883777773,152.87625371928036,0.13804310958628024,134
62,Female,49400,SEO,Conversion,9001.358299965455,0.079919866782924,0.075446390803824,14,5.0309525463108296,9.454273605511052,24,12,9,9,3642,1,21,665.8960261683113,45744.13483767306,8335.20946955116,0.06986295291388464,68
20,Female,98538,Social Media,Consideration,9596.221299079176,0.2058292274065511,0.0184127652102697,29,5.865028305635768,3.373628609671792,71,13,5,0,3856,1,18,573.8063913644033,81718.03913886841,7958.192653630018,0.015269795085222084,118
54,Female,38640,Social Media,Retention,4702.7201017124025,0.2224142792078942,0.0325378507120239,17,9.594153379406466,6.907230542132576,17,12,3,5,2877,0,15,1126.5734972183939,31609.578403352854,3847.0755632531495,0.026617695216312368,54
61,Female,102632,SEO,Awareness,780.8619350240552,0.1661528335076599,0.0232947127210905,30,7.732198318534488,1.7765231717700285,77,0,0,1,876,0,0,412.0928844479331,88009.0474001544,669.6051431571865,0.019975694481676607,108
43,Female,102864,PPC,Conversion,9612.656124610594,0.1585225375038183,0.0440969970973,4,7.491726583655289,4.858765441124604,15,11,8,9,1747,1,19,145.60216887607527,88788.95029667126,8297.34063294294,0.03806313271411404,47
43,Female,61041,Social Media,Awareness,2985.900727150282,0.0691865868347916,0.137622294106737,42,1.045237354858211,6.05611654108365,89,4,6,0,1720,0,10,265.863327832844,57091.06413381514,2792.684423763405,0.12871681687866338,141
27,Female,146404,Referral,Conversion,5839.313646866284,0.0263619695650934,0.1133305248985812,18,9.0012397485559,6.1255385765706025,65,0,0,1,2048,0,0,992.4739437013171,142643.63289107123,5689.331658830473,0.11041964556286456,84
35,Female,99472,SEO,Awareness,4244.863088788005,0.1722208304642108,0.1774730632390463,1,9.607036143837876,8.440001274907136,84,6,2,1,262,0,8,81.08339730207061,84857.73108178613,3621.214517325203,0.1513990014737797,94
41,Female,88248,Social Media,Retention,5101.723048197652,0.1301797209287093,0.0740450390687609,8,3.618626062659695,1.5067207842548858,34,18,2,1,82,0,20,43.618072792446284,78083.15648017773,4514.081215335719,0.06551616322394764,63
42,Male,52580,SEO,Conversion,1360.2245986372284,0.1459802879085368,0.0690558978416392,25,2.2514463456659826,11.612462243923671,27,18,4,9,4728,1,22,653.6208920816537,45882.115560609476,1186.9528760566175,0.06025923706564724,83
28,Female,120873,PPC,Awareness,4116.534827717482,0.0421394142245407,0.059862056984423,8,9.86985988700517,6.257853684416494,95,4,3,0,615,0,7,494.1131124685589,115985.44143917828,3950.080739226823,0.05744150558681878,110
33,Female,118863,PPC,Awareness,9145.799724101851,0.0657671228631786,0.0518714373439689,5,6.284489219724989,11.70993337638202,9,6,2,0,280,0,8,367.9547503378532,111528.11664960641,8581.42414783044,0.04867051744345098,22
68,Male,111434,Social Media,Consideration,2946.1050951109014,0.0740811557086253,0.019516357369401,17,8.497160825987592,4.586663082244179,87,0,4,2,4771,0,4,662.5514356956286,103748.21251424096,2742.907348716315,0.01817028188761498,110
67,Female,117153,Social Media,Retention,8582.791879569439,0.1199805561930295,0.1706736788934283,28,2.2506395447221434,8.57427571040409,29,8,3,5,2205,1,11,540.3329114732078,104602.7088168561,7663.340075066614,0.15238985886823966,73
58,Female,24213,Social Media,Conversion,9042.359085495393,0.2775811188984505,0.0641463481582499,28,4.240073020845054,11.383779640261558,30,2,3,1,901,1,5,1351.5055939817112,18952.221226372545,7077.718159526222,0.05020921741044345,64
28,Female,131414,Email,Consideration,8217.585395183245,0.051783383320876,0.1918427062618639,33,6.60441944857125,12.51156068938137,87,2,5,8,3538,1,7,2726.8426267146847,124943.97808898304,7813.0017316277,0.18239754430816757,135
20,Male,120271,Social Media,Retention,6973.120173893301,0.1485888341246228,0.1745821334191452,34,7.545045565615697,6.454222899824636,8,12,1,7,3066,0,13,1655.7117995737833,104711.97039945323,6071.03252854425,0.15199706651527736,62
19,Female,73871,Social Media,Awareness,7213.766898549779,0.1366080548511551,0.056300936157571,36,2.512349282638169,3.493225352502555,39,4,0,0,2056,0,4,315.94327950431733,64992.50087548765,6346.749759304197,0.04953416959986608,79
42,Male,142342,Referral,Awareness,2069.408209037824,0.1808993619124878,0.0134236462723864,30,7.784731644804263,2.640041101358133,23,5,1,1,2560,0,6,616.5603451597967,120536.94378280854,1752.4001416059536,0.011367307583811855,60
37,Male,139318,Social Media,Conversion,2704.0506806688877,0.1177388869707718,0.177689745730708,43,1.617731502545852,8.238247543568143,99,2,1,0,1291,1,3,573.0727208110502,124642.70647107143,2419.214999307434,0.1589725004667879,145
55,Female,109523,Social Media,Consideration,7841.312300516696,0.0507562459179526,0.1048234230819415,3,2.539627535640483,3.2853786510583163,0,1,4,1,2767,0,5,25.03091426169926,104232.5472015819,7462.541698875591,0.09975998095577966,9
50,Female,20068,SEO,Conversion,4198.508392547808,0.2798195552877421,0.0466336953483769,5,9.74429910448927,13.68428498607268,91,4,1,1,3131,0,5,666.71882967682,15680.335495020709,3280.5471483859747,0.03643771120366436,102
65,Female,20992,Referral,Retention,4906.174287373361,0.2276062876500673,0.1137608457794919,10,9.930353410691978,14.65757836007512,38,10,2,9,3714,0,12,1455.5493326045691,17099.944999616873,3996.5372748008276,0.09266883602987847,69
46,Male,33901,PPC,Awareness,9401.45046520312,0.0634369765924903,0.0883889078698633,33,7.561302982090284,2.740559922591712,96,5,8,5,2758,1,13,683.8327292045644,31878.71095908948,8840.627768396434,0.083116263413261,147
69,Female,37580,Referral,Awareness,2836.1701289520597,0.1555483240989902,0.1157442077905791,23,1.9022861755784424,0.5879704346491599,54,5,6,1,156,0,11,25.725224678084732,32521.35736452395,2454.3933557806786,0.10016388356655509,89
67,Male,146352,SEO,Awareness,6400.514294854255,0.2300083846825903,0.0420060609393242,3,5.318316882419481,2.2584237900983077,79,6,4,7,1074,0,10,36.03304011161286,118984.55475794734,5203.6346862025175,0.03415103625506104,99
45,Female,55972,SEO,Awareness,7254.022157320001,0.083025001631625,0.0157266983750274,38,5.447257523959778,6.134174721060454,79,2,8,1,612,0,10,1269.7483172980562,51681.1707169047,6697.926775828348,0.014521085248571763,128
57,Female,86606,Referral,Awareness,1323.423146740848,0.020022753461975,0.0992327212173987,38,9.830645986779375,13.125048574478113,96,12,0,2,3581,0,12,4903.0528316091495,84905.94911344646,1297.4447307661783,0.09728481142268751,148
41,Male,24290,Social Media,Consideration,1436.975187405253,0.0555283803594983,0.0864828081064471,9,5.219795365490171,0.6326215758380539,79,5,3,4,4856,0,8,29.71939652701706,23012.171393939367,1361.3799630056742,0.08193319072765456,100
53,Female,99789,Referral,Conversion,948.3969652548876,0.0347205097529288,0.1946834528987745,31,2.9467216326802386,14.401294423981462,79,11,7,1,965,1,18,1315.5347803500476,96440.53544838661,916.5730806682728,0.18815076251388999,129
67,Female,46469,Email,Consideration,8949.68035511708,0.2414255424991868,0.0107245755244992,10,9.945650928525904,4.58201283330456,83,1,0,9,1271,0,1,455.7110019007311,37431.967048503386,7209.19624152404,0.008638919659175792,103
50,Male,72540,Email,Conversion,7621.28860713286,0.169847184517628,0.0933337099844546,26,5.2964785302190815,3.3369038848193444,73,6,5,5,1187,1,11,459.51983436710793,62008.09897226959,6514.772790837125,0.07978282225207013,115
48,Female,24318,Email,Consideration,3274.841352357111,0.2752848961716377,0.1470549475141961,10,5.5342540948833125,13.578762977741151,10,5,1,1,828,0,6,751.4832461301389,19068.680318414983,2567.9292228646905,0.11531144762684016,27
42,Female,132149,SEO,Consideration,7536.358781759556,0.0434471838169196,0.0495438070597332,20,1.7428570245732236,8.672371147129292,35,8,0,1,3639,0,8,302.2940594696086,126646.56347684051,7222.5589360370195,0.04748089584994847,64
36,Male,65819,Referral,Retention,9893.444594949817,0.0477641110365771,0.1417980112133416,36,5.364241724439768,10.885621431717231,29,7,2,5,3077,0,9,2102.15176849704,62818.52881454753,9442.435077454604,0.13533390743175727,79
28,Male,68821,PPC,Awareness,3095.73049956922,0.2809762024240972,0.1733481957382395,30,4.3840994534433,8.197692667850806,81,3,4,1,4322,1,7,1078.184998338626,53725.43211166947,2416.696339643869,0.13532507115292103,119
45,Female,32926,Email,Awareness,8336.738698001976,0.03031638289744,0.0366223574258832,40,1.4303582947208429,3.809717558085472,18,1,4,8,3910,0,5,217.9704443900476,31957.17407443916,8091.435637039496,0.03554476861068089,71
58,Female,137105,Referral,Retention,1881.8645086559704,0.2907547424429548,0.1767861934866914,14,7.781741047715618,4.694093718566373,19,5,3,1,3684,0,8,511.39510480228785,106220.79895713371,1457.9566874914192,0.13696342742239004,42
37,Male,28958,SEO,Retention,207.200176541844,0.085205032961773,0.1572775519055616,37,8.22319934648498,12.29048918846506,84,6,3,1,2838,0,9,3739.484278514964,26684.358365872104,190.93182416998866,0.14492888175823804,131
49,Female,64493,PPC,Awareness,6342.355944969275,0.1375535219701027,0.0225614051384054,22,4.250945194191342,5.2009335043188445,9,10,4,8,177,1,14,486.3954322808444,56694.47525273893,5575.435197093052,0.019833269118917432,53
52,Female,72158,Email,Retention,3968.374928352148,0.1323013715109181,0.0855638939415926,17,4.721439880573591,9.441674291379124,70,15,4,8,3380,0,19,757.8310581579647,63726.850302860585,3504.6985088932956,0.07556636077144199,114
57,Female,104166,Email,Conversion,569.7300011144969,0.0547370922360178,0.1962341711434136,36,6.221289056538595,4.26280440546674,15,6,3,6,3401,1,9,954.7249823242107,98760.1562197557,540.1630466097316,0.18605031774070047,66
32,Male,112558,PPC,Conversion,7085.8092142455735,0.1722278091775903,0.1173333040575033,8,2.338890276852412,13.330940886398905,16,5,4,7,611,1,9,249.43686416394135,96020.58500810372,6044.73734437065,0.10009428469353734,40
52,Female,22985,Social Media,Consideration,3811.797608457356,0.0834240366664139,0.1384330262747919,13,5.781170007534629,4.065523599455561,14,3,0,1,297,0,3,305.54528027525737,21215.146814281987,3518.287835099055,0.1277736339510579,31
33,Female,53782,Email,Retention,3743.574953278297,0.1189579871253424,0.1344952978605936,18,3.8048434591671354,2.462035873511648,32,6,6,5,2453,1,12,168.6178996121815,48064.3604306973,3345.5902691178994,0.12019691481546917,67
36,Male,110088,PPC,Retention,4363.356613520864,0.2551695404055066,0.0733672570021739,6,1.2285467234216347,6.786811479719368,56,2,3,0,2468,0,5,50.0274900353374,87707.673311156,3476.3085567796666,0.05845206933437152,67
43,Female,44718,SEO,Retention,1424.613446193294,0.236740437789782,0.1900610496277607,49,9.499010058913058,3.501106177239102,52,13,1,5,1502,0,14,1629.595096950927,36157.95087926207,1151.909812813484,0.15367901284721053,120
31,Female,93002,Email,Awareness,7743.627070198647,0.1856700956973752,0.0572280790607943,15,6.964739359720403,12.76365976210446,2,18,9,9,341,0,27,1333.4334527881274,78438.34498102868,6531.013220540137,0.048266443818113236,53
55,Female,31565,Email,Awareness,3279.893352061344,0.0236017691084082,0.0876709878715353,13,6.1014208434842105,6.793458494724532,25,7,8,2,2428,1,15,538.8467403677427,30837.187813278382,3204.266982576869,0.08564950796040503,55
36,Female,99854,SEO,Consideration,9646.931572600695,0.1122573332235857,0.1652497790624663,18,6.294425463228817,14.029960594843068,65,19,9,3,3867,1,28,1589.5897418929883,89775.98710057448,8673.291049151008,0.14857153477562,114
46,Female,41037,Referral,Awareness,3219.920605891895,0.129573151284028,0.0601467676176072,35,6.541901962932389,1.724441432778968,41,5,9,7,452,1,14,394.83943779205356,36329.652447344124,2850.564040258651,0.05324734174961234,97
53,Male,64200,Referral,Awareness,6081.77681291923,0.0356397474925317,0.1995912187161988,18,2.8179411808849872,4.529062010791187,25,2,1,6,4018,0,3,229.72734631782455,61990.6682371352,5872.483001588434,0.192722632748931,52
39,Male,68861,Referral,Retention,9857.456511228598,0.1837281288602361,0.1088775525980945,11,9.931835580984396,2.1416025118012243,75,5,0,5,3864,1,5,233.9704842973625,58172.98611151825,8327.466646179933,0.09197851258542643,96
19,Female,117486,Referral,Awareness,3676.0445267930377,0.2231040323470986,0.0462480429650148,31,4.446774942933104,2.2808351742365067,28,1,6,2,0,0,7,314.4131817544161,96055.60679458152,3005.50438030919,0.03781202722082949,68
43,Male,124748,Social Media,Conversion,6244.457146095931,0.0622111492497699,0.0955565596024776,26,4.924433857992385,8.309945601548407,17,16,6,9,2697,0,22,1063.9662144368367,117441.81002817414,5878.734327451124,0.08996004200291846,74
26,Female,105490,Social Media,Conversion,1474.8350563677425,0.1007349161322898,0.1895674516192487,21,7.106877242700943,0.7466413625683552,38,5,1,0,623,0,6,111.43205867002162,95835.9714532049,1339.8639715636061,0.1722189864616468,65
51,Female,93728,Email,Retention,7968.911790244362,0.2572047964796972,0.0431899772196029,36,2.774721407029744,8.21266093012617,36,3,2,8,58,0,5,820.3624592939241,74552.6904307461,6338.594803772731,0.03435397107976305,85
67,Female,146121,Referral,Conversion,5975.849173593618,0.1728965920263523,0.0633058759157489,31,1.609231410207595,10.116411848049063,87,8,6,9,1809,1,14,504.6690788387814,124581.31517592217,5094.949728918092,0.053973961853174664,141
34,Male,110762,PPC,Retention,848.9607596087817,0.0572408631759114,0.1556761395244254,8,3.1565443917488807,3.398516776485428,26,18,6,0,3026,0,24,85.82055256863649,104765.15225421307,802.9965442865458,0.14724756197635058,58
37,Female,138719,Social Media,Retention,9582.215956344864,0.0844147060850313,0.0975701177973487,3,2.2201234978444697,11.189788170845215,83,17,5,9,4576,1,22,74.52813496198665,127920.61858032635,8836.302110784452,0.08997491204227362,117
46,Female,27408,Social Media,Consideration,2983.8379039830425,0.2122106472077923,0.1974744386360649,5,9.94763629646056,10.64979448567438,87,12,1,0,3736,1,13,529.7014108776999,22609.931750007003,2461.484652734258,0.16290439214581046,105
54,Male,91519,SEO,Awareness,4151.696598727702,0.0232274695958545,0.1879004497008161,10,2.8639517165131325,14.33057109468188,36,2,2,4,4538,0,4,410.42063685227646,89441.5002718285,4057.452249955235,0.1836350716571667,54
64,Female,133682,SEO,Retention,3888.12273730032,0.1180764346594661,0.1764443053847364,38,3.5360434742008264,13.852904031010825,13,4,3,2,2858,0,7,1861.4098941082739,119564.276516315,3477.510675273762,0.15781059318943277,60
64,Female,71302,SEO,Awareness,3234.3986639879126,0.0178412616734383,0.0460955278301244,8,3.602684790504725,5.882112340371726,1,0,5,6,1455,0,5,169.53117331757895,70052.18071310256,3177.7044081217737,0.045287540961287516,20
39,Female,129034,SEO,Consideration,3863.078573343893,0.0475087833433643,0.1468747895851906,2,9.391813544539495,2.1144267442714906,41,8,8,1,3348,0,16,39.71660347157106,123181.7833432942,3687.872249637843,0.1402134205657026,60
22,Female,62625,PPC,Consideration,8065.773201384771,0.0598331440192793,0.0203505614172235,17,6.6209657149132894,14.941206853533174,79,11,1,0,1421,0,12,1681.7287113834004,59089.49003283936,7610.417967111668,0.01920166540560021,108
47,Female,31603,Referral,Consideration,5872.841750104929,0.2103606772960129,0.1121355303001188,10,1.9517475409948453,0.5949395339151566,88,1,1,6,4764,0,2,11.611717723595264,26110.39881979823,4852.1418947821885,0.0926463759138585,106
29,Female,127890,Email,Conversion,1116.746744477574,0.2955626959857821,0.0477425890195803,32,9.817202441902866,9.236313842552256,38,15,4,3,2799,1,19,2901.592409897128,98713.86417365902,861.9781566247177,0.03685085188660313,92
24,Female,116399,Social Media,Retention,208.86326382865136,0.242759757210799,0.0267270353853936,0,3.3922615466893933,6.472744595663785,51,14,8,6,1031,1,22,0.0,93661.7067978137,168.06407080433297,0.021506196374896067,79
23,Female,24100,Email,Awareness,3838.015748332944,0.1757299289602616,0.1690916479632117,19,7.565544806496543,3.5640270179127818,3,3,8,0,3724,0,11,512.3123158160848,20497.904668729883,3264.36850317065,0.14381844316300194,33
53,Female,23554,Referral,Consideration,7719.997834641298,0.2128327031140986,0.0645769770009288,25,5.596090576545105,3.816993629795759,89,0,1,9,441,0,1,534.0060520608185,19420.650465247334,6365.261931690368,0.05324475241731147,124
23,Male,147727,Referral,Consideration,877.4241467586546,0.110512906486474,0.124958223316921,3,1.3713847868586024,10.94530606234678,98,1,2,9,3312,0,3,45.03067866424083,133025.919047974,790.1071132389775,0.11252298157639015,113
18,Male,50066,Referral,Awareness,4681.591991899816,0.2863567835159929,0.0849640258521252,32,9.062982343056396,14.044722512428464,11,11,5,3,1229,1,16,4073.1863085845066,38920.77271373719,3639.4195233328987,0.06605012461619973,62
34,Female,49949,PPC,Retention,6389.671867787406,0.042570111430967,0.0152623253185988,36,2.3770377549900745,1.1606999381506764,11,8,9,8,13,0,17,99.32499270715688,47909.487767151804,6128.769468575441,0.014639135681389026,72
18,Male,51280,Referral,Consideration,9102.09802804993,0.1266142142764725,0.0639748549592905,22,9.644041452646327,7.615064633835766,91,1,9,0,2946,0,10,1615.6799778524496,45516.911956354765,8079.1613603911655,0.0567850592941223,123
50,Male,146319,SEO,Awareness,5770.3879384358725,0.1832170409948502,0.0340979916841424,24,4.40604984536001,1.687712749630599,76,14,4,8,73,1,18,178.46751598852845,123662.0120658293,4876.863448133002,0.02881803633885527,126
50,Female,127630,Email,Awareness,2422.6979735598075,0.0635465998514261,0.0210520734896233,25,4.276766691714503,8.234133084569683,38,15,5,0,3007,1,20,880.3866527808004,120004.1446400463,2277.9424746393343,0.0197942182247249,83
50,Male,87847,PPC,Retention,824.0822480362101,0.2799613710788704,0.0870155479688069,45,9.614513487992406,2.106403810243834,99,19,7,9,3562,1,26,911.3421530136573,68632.54000076142,643.8336864350812,0.06798294849747075,179
23,Male,115018,PPC,Consideration,4119.249181686524,0.1796167681247425,0.0465667188662553,0,5.378574887876347,2.0416725133785065,20,3,6,9,2124,0,9,0.0,97504.54817868191,3492.023251106346,0.039476141849257726,38
37,Female,134577,Email,Consideration,2999.7436933911067,0.142919475072761,0.0848236181264661,33,7.73857417892831,1.9162390796046656,61,5,4,5,2065,0,9,489.3556226487065,117748.4529182885,2624.632582448677,0.07421661803519976,108
65,Female,67673,Referral,Conversion,4435.493174193718,0.111087769525238,0.1557287585690925,1,5.14285236479556,3.091705175504065,79,8,3,3,2000,1,11,15.900183273091756,60906.97949894303,3992.0277190063766,0.1401588270885518,94
60,Male,64735,Referral,Awareness,6867.148138870312,0.057438028702022,0.0492598955797029,38,3.123879175263032,4.809094410921536,35,13,7,5,4453,1,20,570.8751355217618,61218.717544573796,6494.137672823778,0.046584191453912585,98
29,Female,58652,SEO,Awareness,2346.900319051904,0.2524940004114112,0.0291740294300896,8,8.667529143450148,7.845289069648266,75,4,4,1,2014,0,8,543.9941731997379,46828.168422950024,1873.7816854060852,0.023292749841920764,92
56,Female,32631,PPC,Retention,988.5035931149962,0.0660470502762067,0.081977569063109,3,2.421945814466876,14.607487955548091,86,15,9,2,809,0,24,106.13563294144501,30609.34317256025,927.260755384934,0.07689864067619631,115
49,Female,76982,Social Media,Awareness,8204.287923410557,0.1670417806625413,0.1623987443744007,19,6.448416762340576,10.807668645944805,80,15,4,5,1817,1,19,1324.15468150833,65963.36247387523,7029.98646608256,0.139154182022691,123
34,Female,63558,Social Media,Retention,9487.59663735038,0.2723078825531553,0.0427023315372382,31,4.007897536563842,11.837784218079562,46,3,4,9,3712,1,7,1470.7834123864775,49954.889749214955,7456.997451207728,0.03356289159471914,93
19,Female,118724,Email,Retention,4452.492939104899,0.2898999739880768,0.1234467274401071,22,8.88226289966207,13.722616937252957,14,4,3,6,3922,1,7,2681.5336087767982,92041.2453633381,3451.812566007584,0.09570255828321164,49
30,Male,70189,Email,Consideration,7015.040362141337,0.1056122841194475,0.1775119294850015,21,7.45594324673232,3.146465049693116,33,11,1,9,1600,1,12,492.6571616051119,63484.28016599077,6344.937066006269,0.1605553158505098,75
30,Male,103232,PPC,Awareness,115.08654944497982,0.0334032381935576,0.0254812108106199,2,5.2749340305480255,1.625574262275873,60,11,9,8,4906,0,20,17.149593990524007,99895.1775886196,111.36654617626037,0.024657568187189328,90
49,Female,99483,Social Media,Awareness,2218.7768856562616,0.0641745725028881,0.1468452344295729,42,2.4548224967308734,4.582085908143009,25,1,4,6,4408,0,5,472.42471790904483,93483.72209835901,2084.9745361212713,0.13798979812513268,78
58,Male,91982,PPC,Awareness,7698.297903601975,0.0905791578702947,0.0284058489238782,27,8.486155897344693,4.680308024230757,44,3,3,1,2989,0,6,1072.3812356128192,84342.341714676,7058.907964677564,0.026046572336252714,78
36,Male,48528,SEO,Conversion,3617.0441966468265,0.0741877903426604,0.0490691161034361,11,1.5924975884180763,8.44440570262449,5,6,5,9,3312,1,11,147.9246528875869,45176.45837746844,3367.2363707401737,0.04568020279562413,36
34,Female,133993,Referral,Awareness,3099.7663375984075,0.2463710230636473,0.1631900977588474,37,4.764084664461828,10.092764763899348,99,6,7,7,2915,0,13,1779.0630758474028,107506.51091890596,2487.033379498036,0.13093219814892465,156
23,Female,63739,Social Media,Consideration,2325.643568818576,0.0363973762516122,0.1625649272370821,31,3.0596476812227538,9.009905197612214,40,5,7,6,4505,1,12,854.5812019232425,61500.54164603145,2243.968985361428,0.1568557881003505,89
45,Male,20765,Social Media,Consideration,1316.020454305038,0.2079107954022898,0.1295430119940807,49,7.699988004812674,1.24440286155638,21,9,3,9,4519,1,12,469.512468249796,17190.838991619657,1089.5013599632102,0.10724551224077512,91
44,Female,146875,SEO,Retention,9111.449014925196,0.2186836185793443,0.146220230553117,42,4.293508618565348,1.8862891898993732,61,8,3,7,2218,0,11,340.14955354546356,120519.38481885605,7476.467949529577,0.11998210882950101,121
38,Female,72445,Email,Consideration,8523.513267948463,0.0576856437181982,0.0434558495629601,36,3.2269203115501583,0.6098016640563799,59,5,8,5,2092,1,13,70.84012952738227,68493.8860901299,8058.645135793678,0.04108578935627318,113
42,Male,53479,Referral,Conversion,536.6905789967286,0.2823590432993678,0.1485673601747539,44,5.40440468253837,12.45019955639617,33,14,9,9,659,1,23,2960.5803383694824,41703.60889131679,418.5181847479184,0.11585472957129583,109
41,Female,39192,Email,Awareness,429.07921736744015,0.0728897285108404,0.0953889617554506,44,6.95369491204816,2.2520393830350898,33,0,1,1,4474,0,1,689.0397711799,36529.383177521966,399.9285350256802,0.08890844904242813,79
41,Female,97758,SEO,Awareness,6864.3820175220535,0.1040461950115878,0.1558317315024637,40,9.821836427500973,0.9018078067694985,98,16,2,4,1172,1,18,354.2963506853367,88545.20801910282,6217.477174902094,0.14114602469222598,160
53,Female,27882,Email,Conversion,5903.1033953146925,0.2841101351932052,0.0227788859438242,17,4.367566321884519,7.44959230670529,66,13,3,3,4971,1,16,553.1220039991126,21713.090829086024,4597.038239579443,0.017739043809039734,102
50,Female,136183,Social Media,Conversion,5491.886375223654,0.0908815947093282,0.1924144012579225,25,9.129336774868603,11.085273993290976,30,19,4,6,4647,1,23,2530.029988161146,124837.56317869379,5034.356067476781,0.17638431355988957,84
32,Male,118642,Email,Awareness,6811.811450892588,0.1646244707989175,0.093091173460579,44,7.134621926683333,13.91806039187194,2,0,9,5,379,1,9,4369.204349345105,101871.46412835813,5848.933816597356,0.07993235226864127,60
57,Male,104528,Referral,Consideration,4301.372681884214,0.1714208344171209,0.0170353384831568,40,1.075333001704413,3.112658482596229,6,19,2,1,3585,0,21,133.88577557483623,89231.80886740107,3671.9277611487114,0.014542458169299418,68
52,Male,89254,Social Media,Retention,6296.172129597084,0.2354439464243871,0.0536065848861365,45,3.7438908546264935,5.42387516508348,87,15,5,2,4106,1,20,913.7878482236312,72244.47556549877,5096.283119780075,0.04339054397513079,154
68,Female,26338,Social Media,Awareness,9791.251799299169,0.1921006317750124,0.0630571685169619,37,7.40092739806027,8.670350988422696,37,1,2,8,533,1,3,2374.2396126976096,22093.77236952159,8213.444014973973,0.052895843552294,85
49,Male,103140,Social Media,Retention,2814.356652776002,0.097058793252529,0.050477279700119,21,1.162227098299467,10.663912298222536,25,9,9,0,3176,1,18,260.27164478454677,94015.01599947385,2565.365384321907,0.04601146265868338,64
26,Female,26714,Email,Conversion,5599.122086248833,0.0223227736465254,0.180833518387217,8,7.003385578415534,11.67702256990723,50,0,6,1,1994,0,6,654.2295317193679,26130.690510506553,5476.863306367823,0.1768849555627148,65
32,Male,148345,Social Media,Awareness,2688.164760303842,0.1106087590939954,0.1011841170490397,16,2.675818102004425,0.7360500223749298,49,6,7,0,954,0,13,31.512575581625587,133570.8896452571,2420.4426070768377,0.09110689630395404,78
45,Female,96023,Social Media,Retention,7824.310334802829,0.2457398507830535,0.1739186924929686,29,1.1248036430060102,2.05332568839363,18,1,0,5,4605,1,1,66.97805822290638,77081.10159568337,6280.854168616814,0.13961076414441256,53
33,Female,103275,Email,Consideration,5450.177929002534,0.0185564091677562,0.1989906981286455,30,8.336129983633167,3.2654025767030204,65,0,1,3,1918,1,1,816.6246098486115,101393.50071380349,5350.884722679008,0.1953654175042079,99
23,Female,116159,PPC,Awareness,4400.595363978435,0.1450189187024795,0.0925073798745189,26,3.042284737314586,1.613470312884769,94,5,7,0,1848,0,12,127.62453878198757,101447.23209606865,3843.2512267702373,0.08079113660353059,132
64,Male,62681,Referral,Awareness,7340.424876147616,0.2309662997331815,0.0909169893454137,26,5.4522891658290575,10.981860899543742,52,4,9,6,3096,1,13,1556.7833112838264,50920.15923879187,5963.140402575353,0.0738582277720523,97
58,Male,113330,PPC,Conversion,7017.382425465893,0.2396520901659164,0.0401129211954607,3,6.359058218442155,3.673661460478336,37,1,2,0,4687,0,3,70.08308130608692,91420.81145108365,5660.767630800895,0.032358208818162794,43
34,Female,61394,Social Media,Retention,1147.7210795778235,0.0280485350602027,0.0692872867530599,7,9.041283086627764,11.955180960961307,10,2,6,4,181,0,8,756.6312279393961,59718.97036593196,1116.407485090782,0.06739690237387715,29
60,Female,135402,Social Media,Awareness,321.14277837226706,0.042260125117899,0.1864006932449656,33,8.427164090334006,12.016390290808218,64,17,0,2,691,1,17,3341.7150608865286,129911.90657388292,308.12152420773066,0.17884277518904435,116
21,Male,135849,Social Media,Awareness,6906.231058305369,0.0943929085291772,0.0734716831602511,4,9.679959104443029,4.89270546809553,25,14,3,7,2672,1,17,189.44475536499806,124131.83504869007,6310.55903641324,0.06713464843169924,53
39,Female,124232,Referral,Retention,1920.7044051682935,0.2517274219037786,0.1669379962540438,17,8.216368314405964,10.755286431994053,63,7,4,3,1650,1,11,1502.2797090873373,99248.44484996017,1534.4430197487036,0.13336609339447422,94
62,Female,38913,Social Media,Retention,3957.510328884941,0.2809461007207677,0.062710401400468,6,2.629085563878287,7.915357214587205,65,0,0,5,3431,0,0,124.86090831486642,30378.327377010075,3089.521351958614,0.04895631546493789,76
60,Male,101331,Referral,Retention,8651.058530815568,0.2939846832295557,0.0523428888872185,8,9.054077900951985,2.462050318277853,41,5,0,3,3759,0,5,178.33276302201048,78309.27314154588,6685.595774769192,0.04045093389867642,57
34,Female,51147,SEO,Consideration,6838.101443041635,0.2266611484892296,0.0893721426704472,19,7.273409567796462,11.575503512314706,82,1,9,5,4194,1,10,1599.6741819720953,41696.1114835937,5574.564297127631,0.07285805275606795,116
25,Female,91622,Email,Conversion,9736.87097587164,0.261284161507098,0.1683001208854924,16,2.909577612021849,6.675186807929841,55,14,6,2,1255,1,20,310.7515854786601,72641.83821235147,7719.80753665941,0.13343553024910101,93
61,Male,135019,Social Media,Conversion,7632.334338804255,0.1909379314830794,0.0335811902240227,45,3.896294009979095,7.575437285698576,87,7,4,4,4491,1,11,1328.2258913657845,113371.98726373618,6408.675160173696,0.028197263128737462,147
55,Female,94300,Referral,Conversion,8290.764638067507,0.0428006276692408,0.0977404775912483,25,7.425730550437027,7.179065155980025,31,15,9,9,4634,1,24,1332.745086308471,90429.55815127339,7950.479140579499,0.0937288250484732,89
61,Male,79185,Referral,Consideration,1211.7177419579873,0.1322664960301417,0.043153833002209,18,2.4129102320628624,7.707549754521623,7,1,2,0,2410,0,3,334.7572620027389,69934.94930533743,1070.1700935304639,0.03811278807022143,28
50,Male,91609,Referral,Consideration,3535.212229095177,0.0398310190132048,0.1203388004895192,6,6.521591581398396,6.181744741605486,52,8,3,4,2170,1,11,241.8888867912488,88099.89154481712,3399.7949324978576,0.11572918896353007,73
